Date,Open,High,Low,Close,Adj Close,Volume
3/5/2019,2005,2007,1976.599976,1988.099976,1779.321777,2449622
3/6/2019,1989.300049,2015,1985.050049,1999.599976,1789.61438,2635047
3/7/2019,2005,2024.050049,2000.199951,2013.300049,1801.875488,2539884
3/8/2019,2025,2033,2010.050049,2022.699951,1810.28833,2031071
3/11/2019,2028.900024,2033,2003.650024,2014.800049,1803.217896,3111689
3/12/2019,2014.050049,2024.800049,2003,2012.449951,1801.115112,2658550
3/13/2019,2013,2015.900024,1978.599976,2000.5,1790.4198,1833163
3/14/2019,2004.949951,2007.800049,1981,1987.400024,1778.695557,1905495
3/15/2019,1998.900024,2068.949951,1991,2039.949951,1825.726807,5184318
3/18/2019,2043,2064.600098,2011,2022.800049,1810.378052,2349915
3/19/2019,2030,2030,1995.099976,2022.800049,1810.378052,2373993
3/20/2019,2028,2044.800049,2000,2015.050049,1803.442139,3091165
3/22/2019,2015,2016,1983.300049,2005.650024,1795.029053,3148149
3/25/2019,2007.800049,2007.800049,1977.199951,1984.25,1775.876709,2429205
3/26/2019,1984,1994.949951,1958.050049,1982.650024,1774.44458,2316539
3/27/2019,1994,1998,1961,1967.900024,1761.243408,2266166
3/28/2019,1980,2014.599976,1972.800049,2000.300049,1790.240845,4054489
4/1/2019,2010,2039.949951,2008.25,2031.650024,1818.298584,2095740
4/2/2019,2037.099976,2086,2037,2079.300049,1860.944702,3719663
4/3/2019,2085,2089.600098,2058.100098,2079.300049,1860.944702,2939886
4/4/2019,2078.149902,2079.699951,2007.400024,2014.5,1802.949585,4397518
4/5/2019,2028.650024,2054.399902,2018.800049,2048.300049,1833.199951,3152103
4/8/2019,2059,2075,2032.699951,2070.75,1853.292358,2194294
4/9/2019,2070,2098,2057.649902,2091.5,1871.863525,2690970
4/10/2019,2083,2085.5,2036,2040.25,1825.995483,3313062
4/11/2019,2045,2055,2013.650024,2019.5,1807.424316,3422442
4/12/2019,2038,2039,2007,2014.5,1802.949585,3198471
4/15/2019,2070,2119.800049,2041,2113.300049,1891.37439,9189201
4/16/2019,2120,2155.949951,2115.550049,2131.800049,1907.931396,5771952
4/18/2019,2149.899902,2155,2114.199951,2150.050049,1924.265137,3413728
4/22/2019,2148,2176,2145.600098,2161.449951,1934.467651,2007135
4/23/2019,2163,2165.5,2134.050049,2155.050049,1928.73999,2163524
4/24/2019,2158,2195,2156.100098,2183.449951,1954.157349,3003071
4/25/2019,2175,2205,2168.050049,2195,1964.494751,4211526
4/26/2019,2203,2243.949951,2193.149902,2238.550049,2003.471436,2716958
4/30/2019,2238.550049,2266.949951,2230.100098,2260.350098,2022.981689,3488395
5/2/2019,2255,2259.399902,2211.100098,2215.399902,1982.752075,2457699
5/3/2019,2185,2186.050049,2125,2132,1908.110474,3780886
5/6/2019,2110,2165,2108.5,2157.850098,1931.24585,2891422
5/7/2019,2160.050049,2184.350098,2138.800049,2151.949951,1925.96521,2201698
5/8/2019,2151,2168,2130.399902,2152.850098,1926.771118,1824895
5/9/2019,2145,2184.100098,2136.100098,2172.550049,1944.402344,2264162
5/10/2019,2175,2192,2125.850098,2135.800049,1911.51123,2039633
5/13/2019,2133,2167,2121.649902,2128.75,1905.20166,1701744
5/14/2019,2135,2159.800049,2072.350098,2092.350098,1872.62439,2456110
5/15/2019,2097,2124,2084.5,2095.399902,1875.354126,2346876
5/16/2019,2096,2124,2077.050049,2108.75,1887.302124,1946529
5/17/2019,2112.600098,2135,2090,2095.449951,1875.398438,1947908
5/20/2019,2125,2151.399902,2050,2143.949951,1918.805786,2625116
5/21/2019,2148.050049,2148.699951,2102.550049,2109.75,1888.197021,1863157
5/22/2019,2110,2121.949951,2075,2081.75,1863.137573,2595795
5/23/2019,2098,2115.350098,2050,2054.050049,1838.346436,2541294
5/24/2019,2070,2070,2032.25,2048,1832.931763,2274208
5/27/2019,2054.800049,2068.949951,2040.099976,2055.149902,1839.330811,2329820
5/28/2019,2060,2097.5,2045,2073.75,1855.977905,5872979
5/29/2019,2080,2123.699951,2077.100098,2107.550049,1886.227661,3281320
5/30/2019,2123,2156.550049,2114.399902,2146.300049,1920.909302,4971725
5/31/2019,2160,2204.949951,2152.25,2196.550049,1965.881592,4265370
6/3/2019,2201,2247.649902,2185.649902,2242.300049,2006.827759,3682419
6/4/2019,2224,2224,2175,2183.100098,1969.655762,2408658
6/6/2019,2199,2199,2152,2166.100098,1954.318115,3735467
6/7/2019,2174,2189.800049,2142.100098,2181.75,1968.437866,2659446
6/10/2019,2196.699951,2235.850098,2185.5,2231.5,2013.322998,2080593
6/11/2019,2237,2263.949951,2231,2252.800049,2032.541382,3048937
6/12/2019,2245,2266.899902,2219,2260.899902,2039.848999,2404448
6/13/2019,2264,2285,2243.050049,2254.100098,2033.714233,3320916
6/14/2019,2257.25,2263.100098,2234,2254.5,2034.074463,2131408
6/17/2019,2256,2262,2241.449951,2249.199951,2029.293335,1489497
6/18/2019,2244,2260,2231.199951,2250.850098,2030.781738,1877447
6/19/2019,2255,2276,2243.149902,2259.899902,2038.947144,1652817
6/20/2019,2230,2284,2212,2277.949951,2055.232178,2199377
6/21/2019,2285,2292.5,2242,2249.850098,2029.879639,3871804
6/24/2019,2254.149902,2280,2250.800049,2275.5,2053.021484,1382424
6/25/2019,2270,2274.449951,2250.5,2267.800049,2046.074341,1386077
6/26/2019,2265,2266.800049,2250,2254.199951,2033.804321,1762224
6/27/2019,2255,2264,2241.300049,2252.550049,2032.315674,2813464
6/28/2019,2260,2261.949951,2222.5,2227.199951,2009.444458,2372928
7/1/2019,2235,2255,2206.600098,2239.550049,2020.586792,2769940
7/2/2019,2244.899902,2257,2216.449951,2252.100098,2031.910156,1771746
7/3/2019,2252.199951,2258.800049,2232,2237.649902,2018.872681,1656881
7/4/2019,2234,2252,2230.100098,2242.649902,2023.383179,984140
7/5/2019,2247,2250,2140,2163.100098,1951.610718,4088470
7/8/2019,2149,2188.800049,2132.100098,2175.399902,1962.70874,2788062
7/9/2019,2174,2174.399902,2104.550049,2133.350098,1924.770142,3977224
7/10/2019,2080,2127.850098,2071.300049,2108.199951,1902.078735,6343581
7/11/2019,2128,2129,2086.050049,2102.550049,1896.981201,2400346
7/12/2019,2102.100098,2119.75,2093.100098,2107.600098,1901.537598,1560725
7/15/2019,2125,2153.600098,2098,2145.699951,1935.912231,2900415
7/16/2019,2126,2132.5,2100,2106,1904.532227,2735399
7/17/2019,2108,2125,2092.100098,2117.25,1914.705811,1802969
7/18/2019,2116.199951,2116.199951,2060,2065.949951,1868.312988,3072096
7/19/2019,2077,2097,2062.5,2076.949951,1878.260986,1953177
7/22/2019,2077,2117.449951,2068.800049,2109.899902,1908.058594,1920167
7/23/2019,2127.899902,2130,2102.399902,2112.449951,1910.36499,3538588
7/24/2019,2110,2120.800049,2076.5,2096.800049,1896.212158,2413196
7/25/2019,2108.899902,2135,2092.550049,2127.899902,1924.33667,2544464
7/26/2019,2129.800049,2129.800049,2095,2109.050049,1907.290161,1720592
7/29/2019,2110.800049,2142,2103.300049,2130,1926.23584,1647090
7/30/2019,2130,2185,2120.449951,2179.149902,1970.683594,2851672
7/31/2019,2171.75,2211.699951,2147.149902,2205.699951,1994.694458,3000677
8/1/2019,2200,2217.5,2166.25,2180.050049,1971.498291,2375236
8/2/2019,2173,2210,2165.5,2205.300049,1994.332275,2500816
8/5/2019,2199.899902,2252.25,2195.600098,2248.600098,2033.489746,3039682
8/6/2019,2232.800049,2251.949951,2211.449951,2214.899902,2003.013916,2885467
8/7/2019,2230,2238.5,2207.25,2213.449951,2001.702637,2165362
8/8/2019,2228.899902,2281,2218.899902,2258.100098,2042.081909,2073298
8/9/2019,2260,2267.899902,2241.350098,2246.25,2031.364868,1744550
8/13/2019,2245,2246.25,2194.300049,2199.449951,1989.041748,1647281
8/14/2019,2181.100098,2217.850098,2167.399902,2204.399902,1993.518311,1945002
8/16/2019,2241.399902,2241.399902,2143.25,2165.100098,1957.978394,3755507
8/19/2019,2180,2186,2157.699951,2163,1956.078979,974884
8/20/2019,2172,2205,2166.5,2186.75,1977.556763,1843611
8/21/2019,2184.949951,2202,2182.25,2186.199951,1977.059326,1214408
8/22/2019,2187,2235.649902,2170,2216,2004.009521,2131601
8/23/2019,2214.949951,2259.899902,2213.899902,2247.699951,2032.676147,2826425
8/26/2019,2247,2282,2225,2276.300049,2058.541016,2345475
8/27/2019,2270,2274.850098,2229,2236.5,2022.547485,3432106
8/28/2019,2240,2252.149902,2216,2239.25,2025.034546,1294621
8/29/2019,2222.199951,2248.199951,2222.199951,2233.449951,2019.789429,1670652
8/30/2019,2241,2266,2218,2259.600098,2043.43811,2583625
9/3/2019,2270,2296.199951,2236.949951,2251.600098,2036.203491,2545060
9/4/2019,2265,2270,2233,2245.399902,2030.59668,2228092
9/5/2019,2242.199951,2253.649902,2207.300049,2215.300049,2003.376465,2055943
9/6/2019,2216,2233.5,2192.600098,2197.5,1987.278442,1890550
9/9/2019,2200,2202.850098,2179.800049,2182.850098,1974.029907,1703945
9/11/2019,2186,2195,2146.550049,2154,1947.939575,2627440
9/12/2019,2155,2165,2120.350098,2133.600098,1929.491699,2118859
9/13/2019,2135,2157.949951,2115.550049,2141.949951,1937.04248,2291174
9/16/2019,2159.949951,2173.399902,2126.399902,2150,1944.32312,2597948
9/17/2019,2154.949951,2156.550049,2105.600098,2122.649902,1919.588867,2796530
9/18/2019,2126.399902,2142.949951,2113.149902,2138.550049,1933.968506,1454663
9/19/2019,2135,2135.800049,2091,2101.949951,1900.869385,1652691
9/20/2019,2104.899902,2129.399902,2057,2065.449951,1867.860962,6941979
9/23/2019,2099,2099,1975,2015.800049,1822.960938,6323401
9/24/2019,2015,2061,2013,2044.699951,1849.095947,4620978
9/25/2019,2065,2092,2060.050049,2088.449951,1888.660889,4002232
9/26/2019,2097.899902,2107,2063,2087.600098,1887.892212,4234281
9/27/2019,2085,2085.199951,2051.399902,2056.149902,1859.450684,2046795
9/30/2019,2061.850098,2104,2060,2099.300049,1898.472656,2620039
10/1/2019,2095.949951,2095.949951,2039.699951,2059.949951,1862.887329,3342877
10/3/2019,2070,2081.149902,2046.150024,2060.25,1863.158569,2317618
10/4/2019,2060.600098,2087.949951,2054.949951,2079.350098,1880.431641,2163251
10/7/2019,2080,2094.5,2041,2047.699951,1851.809082,2177916
10/9/2019,2060,2060,2015.5,2020.099976,1826.849243,2066920
10/10/2019,2028,2039.050049,1997.099976,2004.449951,1812.696411,2881452
10/11/2019,1931,1995,1925,1986.849976,1796.780151,12593069
10/14/2019,1995,2032.75,1968,2021,1827.663208,3510704
10/15/2019,2032,2047,2022.699951,2037.300049,1842.404053,2261310
10/16/2019,2038,2056,2016,2046.400024,1850.633667,3034082
10/17/2019,2014,2038,1999.300049,2030.949951,1873.277588,3818774
10/18/2019,2037.5,2063.899902,2025,2057.350098,1897.62793,3087901
10/22/2019,2080,2111.5,2040.050049,2051.399902,1892.139893,5552505
10/23/2019,2060,2083.850098,2052.5,2070.100098,1909.388062,2348134
10/24/2019,2084,2099,2061.300049,2082,1920.36438,2798671
10/25/2019,2094,2130,2075.050049,2124.949951,1959.979736,3954245
10/27/2019,2129,2129,2108.800049,2115.699951,1951.447998,224405
10/29/2019,2121.5,2201.699951,2121.5,2194.850098,2024.453125,5064173
10/30/2019,2225,2260,2176.850098,2252.800049,2077.904541,5195136
10/31/2019,2250,2284.949951,2237,2269.649902,2093.446533,4879261
11/1/2019,2264,2275,2195,2200.899902,2030.032837,4172620
11/4/2019,2207,2229.199951,2180.899902,2193.949951,2023.623413,2646411
11/5/2019,2197,2211,2169,2201.850098,2030.909668,2693475
11/6/2019,2200,2210.800049,2179,2188.5,2018.595947,2540719
11/7/2019,2204.5,2204.5,2175.199951,2185.350098,2015.69043,1915598
11/8/2019,2189.600098,2189.600098,2124,2129.949951,1964.591675,2788759
11/11/2019,2135,2139,2091,2100.949951,1937.842773,2983768
11/13/2019,2118,2183.800049,2118,2178.600098,2009.464233,3823365
11/14/2019,2187.5,2200,2146.699951,2196.800049,2026.251953,2995915
11/15/2019,2196,2211.5,2168.75,2174.449951,2005.637085,2724180
11/18/2019,2178.399902,2187.75,2148.75,2152.600098,1985.483398,1611089
11/19/2019,2153,2154.649902,2105,2108.800049,1945.08374,2975313
11/20/2019,2121.949951,2135,2094.5,2108.550049,1944.853271,2894129
11/21/2019,2112,2126.600098,2107.399902,2118.100098,1953.661621,2052574
11/22/2019,2097,2107,2060.5,2071.699951,1910.86377,3742049
11/25/2019,2074.550049,2084.949951,2052.199951,2081.5,1919.902954,2737010
11/26/2019,2089.850098,2097.899902,2035.050049,2046.650024,1887.758789,6561580
11/27/2019,2052,2071.699951,2046.550049,2054.300049,1894.814819,2907521
11/28/2019,2067.050049,2094.399902,2060,2077.350098,1916.075439,2924429
11/29/2019,2085,2085,2045.800049,2053.25,1893.846436,2064271
12/2/2019,2060,2067.699951,2016,2021.050049,1864.146118,3809860
12/3/2019,2027.699951,2062,2010,2051,1891.770996,4664774
12/4/2019,2053,2082,2045.5,2078.5,1917.13623,3334301
12/5/2019,2083,2126.800049,2068.350098,2121.300049,1956.613403,3902721
12/6/2019,2124,2128,2101,2123.600098,1958.734985,1829461
12/9/2019,2127.949951,2127.949951,2053.5,2060.449951,1900.487183,2244747
12/10/2019,2060,2060.850098,2003.25,2012.849976,1856.58252,4520045
12/11/2019,2025.400024,2048,2006.75,2041.900024,1883.377319,4943024
12/12/2019,2051.100098,2083.649902,1984,2020.900024,1864.007935,7137306
12/13/2019,2023,2077.399902,2007,2071.25,1910.449097,5711133
12/16/2019,2096,2136,2080.300049,2126.75,1961.640137,5574177
12/17/2019,2126.5,2169,2119,2164.949951,1996.874023,6059673
12/18/2019,2174,2203.449951,2153,2167.75,1999.457153,8251081
12/19/2019,2179.800049,2236.5,2167.550049,2229.050049,2055.998291,6251505
12/20/2019,2220,2246.699951,2208.25,2222.899902,2050.325684,5548338
12/23/2019,2210,2241.949951,2210,2231.699951,2058.442627,2247329
12/24/2019,2239,2243.550049,2211.149902,2215.600098,2043.593018,1805896
12/26/2019,2216.399902,2229,2195.199951,2201.949951,2031.001831,1880367
12/27/2019,2208,2226.399902,2176,2198.5,2027.82019,2720261
12/30/2019,2207,2225,2177.100098,2183.199951,2013.707397,2288830
12/31/2019,2189,2197,2157.449951,2161.699951,1993.876709,1909289
1/1/2020,2168,2183.899902,2154,2167.600098,1999.318481,1354908
1/2/2020,2179.949951,2179.949951,2149.199951,2157.649902,1990.141235,2380752
1/3/2020,2164,2223,2164,2200.649902,2029.802612,4655761
1/6/2020,2205,2225.949951,2187.899902,2200.449951,2029.618652,3023209
1/7/2020,2200.5,2214.649902,2183.800049,2205.850098,2034.599609,2429317
1/8/2020,2205,2260,2202.050049,2255.25,2080.164063,5197454
1/9/2020,2248.75,2251.949951,2210,2214.350098,2042.439331,3734173
1/10/2020,2228,2234,2208,2213.550049,2041.701538,1915807
1/13/2020,2217.850098,2218.949951,2184.699951,2190.350098,2020.303223,2843893
1/14/2020,2195,2229.800049,2195,2206.899902,2035.567627,2948452
1/15/2020,2213,2231,2194.199951,2226.899902,2054.014404,2620681
1/16/2020,2226.949951,2249,2215,2238.800049,2064.991211,3117214
1/17/2020,2240.75,2253.550049,2213,2219.100098,2046.820557,3281059
1/20/2020,2194.899902,2242.199951,2156.199951,2170.350098,2001.855347,5817599
1/21/2020,2169.949951,2186.550049,2158.050049,2171.050049,2002.500977,1902980
1/22/2020,2181,2210,2173.699951,2206.899902,2035.567627,1773686
1/23/2020,2209.800049,2217.75,2183.699951,2190.949951,2025.44458,2069866
1/24/2020,2190.949951,2190.949951,2170,2183.399902,2018.464844,1319430
1/27/2020,2189.699951,2193.449951,2165,2169.25,2005.384399,1549101
1/28/2020,2174,2187.800049,2152,2183.75,2018.789063,1743024
1/29/2020,2185,2186.949951,2150,2154.600098,1991.841309,2306761
1/30/2020,2160,2165,2125,2137.850098,1976.355835,2098567
1/31/2020,2139.399902,2144.350098,2071.600098,2079.050049,1921.998047,3287223
2/3/2020,2152,2194.699951,2093.199951,2102.5,1943.67627,4728073
2/4/2020,2129,2136.699951,2086.600098,2107.75,1948.529907,3509339
2/5/2020,2115,2156.699951,2104.300049,2146.550049,1984.399048,2439322
2/6/2020,2145,2174.199951,2115.5,2128.350098,1967.573486,2640065
2/7/2020,2139,2151,2119,2136.550049,1975.154419,2083442
2/10/2020,2140.899902,2167,2119,2161.949951,1998.634888,2383032
2/11/2020,2163,2174.800049,2147.600098,2153.399902,1990.731567,1335820
2/12/2020,2151.100098,2185,2150,2170.75,2006.770996,1620407
2/13/2020,2172.949951,2197,2171,2191.949951,2026.369629,1645948
2/14/2020,2188,2212,2171,2184.199951,2019.205322,1500115
2/17/2020,2196.949951,2217,2190.199951,2203.25,2036.815674,1774724
2/18/2020,2199.949951,2221,2186.050049,2215.75,2048.371338,2486223
2/19/2020,2215.75,2230,2190.5,2196.350098,2030.437012,1760463
2/20/2020,2204.5,2214.399902,2151.25,2156.800049,1993.874756,2317278
2/24/2020,2156,2178.949951,2106.699951,2115.350098,1955.555908,3092877
2/25/2020,2115.5,2176.649902,2111,2156.149902,1993.273926,2674567
2/26/2020,2154,2163.899902,2112.949951,2123.600098,1963.182861,2686842
2/27/2020,2119.949951,2119.949951,2086.199951,2105.5,1946.449951,2349001
2/28/2020,2068,2069.5,1990,2000.150024,1849.057861,4298076
3/2/2020,2035,2053.949951,1985.699951,2001.300049,1850.121094,2667076
3/3/2020,2020,2060,2012,2036.199951,1882.384766,2757585
3/4/2020,2056,2094.449951,2025,2083.199951,1925.834229,3237002
3/5/2020,2085.699951,2147.75,2084.050049,2125.050049,1964.523193,3937056
3/6/2020,2098,2123.649902,2071.600098,2116.449951,1956.572388,2595027
3/9/2020,2075,2079.899902,1935,1972.349976,1823.358032,4940975
3/11/2020,1933,1987.300049,1920,1953.699951,1806.116455,6796449
3/12/2020,1904,1908.400024,1758.349976,1769.849976,1636.154663,8728786
3/13/2020,1687.900024,1820,1506.050049,1806.300049,1669.851318,8029720
3/16/2020,1755,1842.25,1675.849976,1696.400024,1568.253296,7844271
3/17/2020,1730,1731,1623.150024,1658,1532.754272,5713248
3/18/2020,1676.800049,1713.550049,1627.75,1654.400024,1529.426025,7258778
3/19/2020,1559.699951,1685.449951,1546.75,1636.349976,1523.792236,5135111
3/20/2020,1630,1869,1627,1797.449951,1673.810669,8547498
3/23/2020,1620,1750,1617.75,1669.699951,1554.848389,7003490
3/24/2020,1653.050049,1770,1632.849976,1703.150024,1585.997437,6350865
3/25/2020,1700,1810,1680,1750.300049,1629.904053,2765520
3/26/2020,1831.599976,1832.050049,1722.550049,1790.949951,1667.757935,4556067
3/27/2020,1820,1850,1750.400024,1824.5,1699,4331250
3/30/2020,1766,1905,1763.550049,1778.5,1656.164185,8513547
3/31/2020,1837.400024,1855,1780,1826.099976,1700.48999,3927593
4/1/2020,1825.900024,1834.75,1702,1708.75,1591.21228,4941878
4/3/2020,1740,1740,1650,1654.199951,1540.414185,5735369
4/7/2020,1710,1785.849976,1705,1775.199951,1653.091553,5427577
4/8/2020,1760,1806,1701,1705.449951,1588.138916,6285615
4/9/2020,1750.449951,1778.800049,1731.199951,1766.150024,1644.664063,5307397
4/13/2020,1761,1787,1746,1759.25,1638.238403,2990438
4/15/2020,1785,1812,1727.800049,1735.150024,1615.796021,4761399
4/16/2020,1709.949951,1764.900024,1675.050049,1716.050049,1598.010254,6245533
4/17/2020,1800,1851.949951,1753,1806.199951,1681.958862,9895823
4/20/2020,1830,1830,1802.5,1818.650024,1693.552734,3244282
4/21/2020,1765,1794.599976,1727.699951,1737.650024,1618.124146,5122541
4/22/2020,1737.650024,1790,1719.150024,1769.5,1647.783325,3829836
4/23/2020,1780,1900,1760.849976,1878.25,1749.053101,5934366
4/24/2020,1840.699951,1851.949951,1807.800049,1818.550049,1693.459229,2987102
4/27/2020,1832.300049,1875,1825,1836.599976,1710.267822,3374741
4/28/2020,1865,1868,1832.599976,1859.050049,1731.173706,2678505
4/29/2020,1874,1912.550049,1850.050049,1905.650024,1774.568359,4241510
4/30/2020,1980,2032,1942.199951,2014.449951,1875.884155,5915544
5/4/2020,1966,1966,1913.650024,1930.449951,1797.662354,3729348
5/5/2020,1955.099976,1977,1927,1932.75,1799.804199,2905528
5/6/2020,1939.800049,1953.699951,1893.599976,1903.599976,1772.659302,3517431
5/7/2020,1910,1934.449951,1883.349976,1891.650024,1761.531128,3166754
5/8/2020,1939.099976,1939.5,1886.25,1893.400024,1763.160645,2686530
5/11/2020,1909,1951.400024,1909,1935.300049,1802.178711,2449841
5/12/2020,1933.400024,1956.5,1910.25,1949.5,1815.401978,3256595
5/13/2020,1994,1994,1925.650024,1949.650024,1815.541626,2656665
5/14/2020,1910,1923.099976,1891.099976,1902.349976,1771.495117,2263146
5/15/2020,1916,1917.400024,1865.199951,1892.900024,1762.69519,3173682
5/18/2020,1907,1952.949951,1872.099976,1945.599976,1811.770142,3727694
5/19/2020,1903,1966.449951,1903,1948.650024,1814.610474,3198693
5/20/2020,1950,1962.900024,1931.699951,1953.599976,1819.219727,2778505
5/21/2020,1946,1998,1941.150024,1991.199951,1854.233398,3400908
5/22/2020,1977.099976,2032,1961.25,2020.349976,1881.37854,3663418
5/26/2020,2015,2024,1925,1943,1809.349121,4575317
5/27/2020,1959,2010,1941.25,2005.300049,1867.36377,3482160
5/28/2020,1988.5,2014,1971.300049,2004.300049,1866.432495,3475681
5/29/2020,1982,2002.650024,1962.400024,1972.349976,1836.680054,7237735
6/1/2020,1990,2060,1981.099976,2045.25,1904.565674,3747773
6/2/2020,2060.199951,2081,2040.050049,2047.150024,1906.334839,2443886
6/3/2020,2051.850098,2063.75,2020,2046.150024,1911.004639,3699799
6/4/2020,2046.75,2100,2046.75,2091.550049,1953.40625,4048593
6/5/2020,2091.600098,2098,2040.300049,2048.25,1912.966064,3573289
6/8/2020,2078.25,2095,2062.100098,2071.75,1934.913818,2957841
6/9/2020,2063.100098,2095.5,2060.25,2072.050049,1935.194214,2909439
6/10/2020,2077.050049,2132,2073.5,2108.75,1969.469971,5168397
6/11/2020,2100,2105,2061.800049,2067.649902,1931.084473,2269513
6/12/2020,2011.199951,2049.199951,2011,2039.5,1904.793701,2842642
6/15/2020,2039.099976,2059,2000.949951,2029.900024,1895.828003,2399022
6/16/2020,2065,2073.949951,2031,2045.800049,1910.677979,2146528
6/17/2020,2046,2058.850098,2026.550049,2047.800049,1912.545654,2703527
6/18/2020,2045,2059.199951,2025.199951,2038.099976,1903.486328,1944389
6/19/2020,2042,2090,2032,2044.599976,1909.557129,5681758
6/22/2020,2050,2052.25,2019.150024,2027.949951,1894.006836,3196138
6/23/2020,2027,2044,2010,2035.300049,1900.871582,4205944
6/24/2020,2034,2064.25,2031.599976,2042.199951,1907.315674,2560937
6/25/2020,2035,2060,2009.25,2016.099976,1882.939575,3043931
6/26/2020,2025,2132,2019.949951,2118.850098,1978.903076,6300722
6/29/2020,2108,2127.600098,2091.300049,2101.649902,1962.839111,3076341
6/30/2020,2100,2111.899902,2075.050049,2082.149902,1944.626953,3071725
7/1/2020,2079.699951,2113.949951,2079.5,2092.050049,1953.873047,2503466
7/2/2020,2102,2165,2098,2157.149902,2014.673096,3758699
7/3/2020,2163.649902,2205,2160.25,2199.649902,2054.366699,4185208
7/6/2020,2205,2269.899902,2205,2263.199951,2113.71875,5190366
7/7/2020,2275,2302.699951,2232.149902,2269.899902,2119.976318,5630055
7/8/2020,2270,2274.399902,2207.600098,2218.899902,2072.344482,2793358
7/9/2020,2229,2244.5,2191.050049,2204.350098,2058.756104,3443998
7/10/2020,2205.25,2249.850098,2176,2222.350098,2075.567139,9610320
7/13/2020,2220,2244.949951,2210,2220,2073.371826,2963503
7/14/2020,2210,2239,2165,2171.949951,2028.495361,2976738
7/15/2020,2185,2260,2181.100098,2233.899902,2086.354004,5569321
7/16/2020,2244,2333,2220.100098,2234.75,2091.829834,8582118
7/17/2020,2237,2243.899902,2190.050049,2200.75,2060.00415,4509135
7/20/2020,2201,2226.899902,2190.800049,2207.899902,2066.696777,2952646
7/21/2020,2230,2238.649902,2201.149902,2225.050049,2082.75,2665286
7/22/2020,2231,2231,2184.199951,2190.949951,2050.831055,2861534
7/23/2020,2190.949951,2190.949951,2163,2171.199951,2032.343994,2265766
7/24/2020,2154.5,2163,2125.100098,2157.399902,2019.426636,3665100
7/27/2020,2165,2215,2163.5,2206.800049,2065.667725,4248480
7/28/2020,2215,2320,2215,2309.75,2162.033447,8092319
7/29/2020,2292,2342,2246.050049,2276.050049,2130.488525,6090431
7/30/2020,2285.899902,2358,2272.25,2279.5,2133.718018,7098496
7/31/2020,2303.149902,2334.800049,2257.449951,2281.399902,2135.496338,4723290
8/3/2020,2290.449951,2303.850098,2230.699951,2254.149902,2109.989502,4012337
8/4/2020,2259.949951,2269.649902,2225.050049,2249.699951,2105.823486,2927928
8/5/2020,2260,2300,2253,2259.5,2114.99707,3800641
8/6/2020,2275,2319.5,2265.350098,2308.100098,2160.489258,4748047
8/7/2020,2308,2328,2287,2295.350098,2148.554443,3165491
8/10/2020,2318,2325,2276.050049,2282.800049,2136.806885,2929353
8/11/2020,2283,2312,2275.600098,2279.899902,2134.091797,2774423
8/12/2020,2288.350098,2296.399902,2246.550049,2257.350098,2112.984131,3415751
8/13/2020,2273,2300,2250.5,2254.449951,2110.269775,2695682
8/14/2020,2277,2281.300049,2233.100098,2242.149902,2098.756104,2270405
8/17/2020,2263,2270,2238.25,2253.399902,2109.287109,2625630
8/18/2020,2262.800049,2289,2248.300049,2269.75,2124.591309,3493374
8/19/2020,2276.350098,2284.600098,2252.5,2256.600098,2112.282959,2843005
8/20/2020,2257,2276.550049,2240.050049,2252.850098,2108.772705,2895164
8/21/2020,2260,2271,2241.050049,2248.600098,2104.793945,1975294
8/24/2020,2250.600098,2259.949951,2230,2248.100098,2104.325928,2167966
8/25/2020,2245,2250,2233.550049,2242.649902,2099.224609,1663419
8/26/2020,2242,2259.899902,2216.449951,2253.5,2109.380615,2618149
8/27/2020,2266,2287.350098,2241.75,2248.399902,2104.606689,3579393
8/28/2020,2268.399902,2279.949951,2235.100098,2238.550049,2095.386475,2941136
8/31/2020,2240,2276.199951,2228,2257.25,2112.890869,6018154
9/1/2020,2269,2278,2241.300049,2246.350098,2102.687988,3610908
9/2/2020,2247,2268.75,2241.649902,2265.149902,2120.285645,2084137
9/3/2020,2268,2324,2268,2299.5,2152.438965,4654146
9/4/2020,2275,2324.25,2262.949951,2288.800049,2142.42334,5231303
9/7/2020,2289,2343.5,2283.350098,2327.050049,2178.227051,4620401
9/8/2020,2335.949951,2390.449951,2327.050049,2348.199951,2198.024414,7453998
9/9/2020,2325,2359,2320,2327.649902,2178.788574,3866535
9/10/2020,2335,2348.5,2324.300049,2331.149902,2182.064453,2308813
9/11/2020,2330.949951,2383,2330.149902,2374.100098,2222.268311,4145424
9/14/2020,2384.100098,2505.75,2381.850098,2491.399902,2332.065918,7512131
9/15/2020,2491.399902,2538,2464.600098,2491.399902,2332.065918,7318770
9/16/2020,2488.949951,2507.600098,2477.300049,2503,2342.925049,3074003
9/17/2020,2480,2495.75,2450.600098,2460.949951,2303.563477,4828176
9/18/2020,2485,2500.399902,2436.399902,2449.899902,2293.220703,4183256
9/21/2020,2465,2504.899902,2452.149902,2465.300049,2307.635986,4598809
9/22/2020,2485,2555,2458,2522.949951,2361.598633,7499613
9/23/2020,2510,2519.850098,2409,2467.449951,2309.647949,7502280
9/24/2020,2450,2450,2302.600098,2332.25,2183.095215,8424708
9/25/2020,2368,2440,2352.100098,2422.300049,2267.385498,8228267
9/28/2020,2440,2444,2366,2426.300049,2271.129639,4347166
9/29/2020,2434.850098,2511.050049,2426.300049,2488.399902,2329.258057,6995811
9/30/2020,2489,2505,2460,2492.300049,2332.907959,3917166
10/1/2020,2510,2540,2492.300049,2523.449951,2362.066895,2610337
10/5/2020,2620,2728.100098,2603.050049,2705.800049,2532.754395,17412105
10/6/2020,2736,2736,2650.100098,2714.300049,2540.710938,9846367
10/7/2020,2742,2770,2703,2735.949951,2560.976563,9656101
10/8/2020,2800,2885,2800,2825.699951,2644.986328,19839329
10/9/2020,2810,2829.850098,2780,2812.949951,2633.052002,7739245
10/12/2020,2815.5,2854,2800.75,2830,2649.011719,4623203
10/13/2020,2845,2854.899902,2812.199951,2826.550049,2645.782227,4209878
10/14/2020,2842,2842,2787.550049,2809.600098,2641.12915,4395936
10/15/2020,2811,2827.75,2727,2740.600098,2576.266602,6629355
10/16/2020,2750.100098,2771.649902,2731.300049,2763.300049,2597.605469,5273773
10/19/2020,2774,2774,2706.600098,2711.550049,2548.958496,3331194
10/20/2020,2725,2759.899902,2717.949951,2739,2574.762939,3406273
10/21/2020,2739,2749,2663.050049,2675.399902,2514.97583,4570143
10/22/2020,2661,2686.649902,2638.100098,2671.149902,2510.980469,5262294
10/23/2020,2687.800049,2702,2670.100098,2686.800049,2525.692383,3499091
10/26/2020,2689.949951,2709.949951,2670.5,2688.199951,2527.008545,2672752
10/27/2020,2699.75,2718.149902,2624.100098,2630.149902,2472.438965,3537502
10/28/2020,2650,2655.949951,2606,2622.199951,2464.966553,3569445
10/29/2020,2608,2655,2600.25,2632.649902,2474.789551,3105968
10/30/2020,2636.100098,2674.350098,2621.600098,2664.850098,2505.058594,3427003
11/2/2020,2660,2664.850098,2600.050049,2604.600098,2448.421631,2571196
11/3/2020,2604,2665,2601.050049,2633.600098,2475.682373,2879269
11/4/2020,2610,2721.850098,2610,2653.149902,2494.060303,4893928
11/5/2020,2685,2710,2667,2685.699951,2524.658447,2816502
11/6/2020,2699,2713.25,2681.300049,2707.449951,2545.104248,3884421
11/9/2020,2731.100098,2744,2695.100098,2726.600098,2563.105957,3646592
11/10/2020,2697.199951,2713.149902,2638.350098,2649.600098,2490.723145,4760020
11/11/2020,2667.949951,2692.800049,2643.399902,2687.800049,2526.633057,3242441
11/12/2020,2686,2713,2661.75,2671.050049,2510.886475,2437505
11/13/2020,2655.75,2664.899902,2636,2656.850098,2497.53833,2548093
11/14/2020,2677.949951,2689,2660.050049,2670.350098,2510.229248,298819
11/17/2020,2695,2695,2650.050049,2666.050049,2506.187012,2827273
11/18/2020,2661,2664.199951,2607.050049,2626.649902,2469.148926,2893762
11/19/2020,2637,2676.149902,2630.850098,2636.899902,2478.784668,4167501
11/20/2020,2655,2676,2627.550049,2660.25,2500.734619,2711471
11/23/2020,2690,2730,2665,2724.25,2560.896973,3706418
11/24/2020,2734.399902,2743,2705,2722.050049,2558.828857,3120516
11/25/2020,2729,2732.949951,2688.199951,2701.300049,2539.323242,3302249
11/26/2020,2686,2730.949951,2680,2720.600098,2557.465576,2341099
11/27/2020,2705,2717.699951,2669.050049,2679.649902,2518.970947,6086808
12/1/2020,2679,2735.899902,2624.449951,2726.800049,2563.294189,3605017
12/2/2020,2719,2754.699951,2702.449951,2749.550049,2584.679443,2509032
12/3/2020,2773.899902,2773.899902,2700.800049,2709.449951,2546.983887,2852548
12/4/2020,2710.800049,2738.850098,2699,2727.550049,2563.998779,2686527
12/7/2020,2715,2744,2706.149902,2737.699951,2573.540771,1996400
12/8/2020,2740,2805.550049,2732.449951,2797.300049,2629.566162,4277818
12/9/2020,2815,2840,2793.149902,2810.800049,2642.25708,3659996
12/10/2020,2818,2827.300049,2780.25,2784.300049,2617.346191,2127801
12/11/2020,2792.699951,2807.699951,2764.550049,2783.600098,2616.687744,1795408
12/14/2020,2802,2804,2756.25,2797.699951,2629.942383,2483658
12/15/2020,2786,2794.699951,2755,2761.550049,2595.960693,2365509
12/16/2020,2779,2819.800049,2760.449951,2814.199951,2645.453369,2565149
12/17/2020,2811,2853.699951,2805,2838.199951,2668.01416,2863460
12/18/2020,2868,2898,2846.199951,2861,2689.447266,6076692
12/21/2020,2861,2886.5,2785,2820.149902,2651.046387,2705195
12/22/2020,2834,2883.649902,2818.649902,2872.5,2700.257324,2881737
12/23/2020,2876.050049,2919,2865.449951,2908.75,2734.333496,2790988
12/24/2020,2909,2921.350098,2883.199951,2909.350098,2734.897705,1807144
12/28/2020,2910,2949.699951,2902,2929.399902,2753.745605,2108994
12/29/2020,2920,2952,2920,2930.5,2754.779541,1994151
12/30/2020,2934.399902,2947.699951,2902,2909.300049,2734.851074,2637968
12/31/2020,2900,2905,2845,2862.75,2691.091797,4040956
1/1/2021,2880,2940,2879,2928.25,2752.664307,2681440
1/4/2021,2950,3050.75,2940.949951,3039.449951,2857.196533,5113293
1/5/2021,3039.600098,3114.25,3039.600098,3093,2907.535156,5801309
1/6/2021,3100,3113.5,3037.199951,3051.5,2868.523682,3726716
1/7/2021,3075,3080.850098,3000.25,3032.800049,2850.945313,3717827
1/8/2021,3090,3128,3060,3120.899902,2933.762695,5879039
1/11/2021,3230,3230,3146.550049,3176.449951,2985.981445,9508039
1/12/2021,3176.449951,3210,3150,3174.850098,2984.478027,3611458
1/13/2021,3175,3177,3126.25,3158.949951,2969.53125,3572801
1/14/2021,3155,3266.5,3120.399902,3250.699951,3061.594727,6931542
1/15/2021,3235,3274,3210,3233.350098,3045.25415,4131692
1/18/2021,3250,3256.75,3187.399902,3221.75,3034.329102,4160906
1/19/2021,3233,3279,3232,3260.699951,3071.012695,2975735
1/20/2021,3270,3327.949951,3267.100098,3308.800049,3116.314453,3453446
1/21/2021,3305,3309.149902,3262.100098,3273.850098,3083.397949,2778546
1/22/2021,3241.899902,3325,3241.899902,3303.100098,3110.946289,3052459
1/25/2021,3308.949951,3339.800049,3278.649902,3291.300049,3099.832764,2272887
1/27/2021,3300,3306.449951,3227,3261.050049,3071.342529,2786662
1/28/2021,3230,3275,3183.800049,3196.550049,3010.594727,3083938
1/29/2021,3210.050049,3216.850098,3100,3111.350098,2930.351074,5445659
2/1/2021,3100,3165,3044.100098,3139.350098,2956.7229,3985846
2/2/2021,3174,3224,3150,3203.449951,3017.093262,2881837
2/3/2021,3213,3236,3162.649902,3200.050049,3013.891113,2505866
2/4/2021,3216.050049,3237.850098,3176,3188.449951,3002.966064,2057261
2/5/2021,3198.949951,3205.850098,3129,3157.949951,2974.239746,2366135
2/8/2021,3189.5,3226,3155.149902,3214.100098,3027.123535,2526592
2/9/2021,3195,3245.800049,3164,3176.899902,2992.088135,2658751
2/10/2021,3185,3219.399902,3157.300049,3213.300049,3026.370117,2127983
2/11/2021,3215,3219.300049,3185.050049,3206,3019.494873,1165882
2/12/2021,3184.199951,3245.5,3182,3190.800049,3005.179199,2777404
2/15/2021,3209,3209,3131.550049,3139.850098,2957.193604,2630853
2/16/2021,3150,3167.649902,3100,3108.800049,2927.949951,3435770
2/17/2021,3105.100098,3132.850098,3045.550049,3073.100098,2894.325928,3678426
2/18/2021,3065,3097.899902,3031,3057.350098,2879.492432,4189909
2/19/2021,3058,3087.149902,3016.149902,3071.850098,2893.149658,3725028
2/22/2021,3096,3096,2943.149902,2958.449951,2786.345947,5366696
2/23/2021,2970,3028,2968,2980.199951,2806.830322,3832829
2/24/2021,2972,3003.350098,2921.149902,2948.100098,2776.598145,3774549
2/25/2021,2974,3029.899902,2968.449951,2995.300049,2821.05249,4224073
2/26/2021,2960,2972.350098,2880,2894.300049,2725.928223,5553153
3/1/2021,2926,2965,2901.800049,2924.199951,2754.088379,3265871
3/2/2021,2960,3025,2948,3006.350098,2831.459473,3306469
3/3/2021,3035,3064,2996.899902,3059.100098,2881.140381,3509857
3/4/2021,3023,3081.449951,3016.050049,3049.699951,2872.287354,3916760
3/5/2021,3016.100098,3063.199951,2996.600098,3008.050049,2833.060547,3203686
3/8/2021,3016,3033,2996,3006.949951,2832.024414,2003125
3/9/2021,3006.949951,3066.899902,2992.100098,3050.949951,2873.464844,1942397
3/10/2021,3075,3093.199951,3060,3070.949951,2892.301025,3053778
3/12/2021,3075,3117,3041.350098,3057.949951,2880.057617,2938317
3/15/2021,3041,3099,3041,3066.149902,2887.780029,3097083
3/16/2021,3060,3141,3060,3110.050049,2929.126953,4894756
3/17/2021,3105,3155,3085.300049,3112.949951,2931.85791,3838390
3/18/2021,3125.949951,3146.449951,2987.050049,3036.5,2859.855469,3656306
3/19/2021,3030,3099,3005,3050.199951,2872.758301,5776626
3/22/2021,3048.699951,3139.449951,3018.649902,3129.649902,2947.58667,2821646
3/23/2021,3140,3169,3122.850098,3142.600098,2959.783691,3305973
3/24/2021,3111.199951,3152.300049,3111.149902,3121.100098,2939.534424,2207104
3/25/2021,3112.199951,3130.850098,3050,3064.850098,2886.556396,3179786
3/26/2021,3090.649902,3118,3043.050049,3066.800049,2888.392822,3697370
3/30/2021,3083,3188.449951,3060.899902,3158.550049,2974.805176,4694008
3/31/2021,3155,3205,3132,3177.850098,2992.982666,3530069
4/1/2021,3191.100098,3215,3145,3165,2980.880127,4285076
4/5/2021,3171,3263,3151,3238.899902,3050.481201,5317862
4/6/2021,3275,3275,3230,3264.699951,3074.780518,2291562
4/7/2021,3259,3277.550049,3234.800049,3271.399902,3081.090332,2491268
4/8/2021,3270,3335,3266.050049,3317.350098,3124.367188,2578118
4/9/2021,3354,3354.350098,3308,3322.25,3128.982666,2911129
4/12/2021,3322.25,3338.100098,3213.199951,3246.550049,3057.685791,3791828
4/13/2021,3214,3214,3073.050049,3104.050049,2923.47583,8654596
4/15/2021,3160.300049,3237.25,3087.449951,3218.949951,3031.691162,6062760
4/16/2021,3229,3247,3182.600098,3195.149902,3009.275879,3224657
4/19/2021,3169,3189,3135.100098,3161.800049,2977.866211,2679106
4/20/2021,3225,3225.350098,3126.350098,3144.550049,2961.619873,3141893
4/22/2021,3148,3148,3105.25,3118.800049,2937.36792,1988980
4/23/2021,3105,3119,3091.050049,3109.5,2928.608398,1615309
4/26/2021,3102.050049,3153,3088.050049,3100.800049,2920.414551,2490260
4/27/2021,3106,3136.100098,3103,3132,2949.800049,1471417
4/28/2021,3149.949951,3151,3112,3124.100098,2942.359619,1639037
4/29/2021,3145.600098,3157.350098,3105.5,3115.25,2934.02417,1621395
4/30/2021,3099,3132.050049,3020,3035.649902,2859.054688,3072305
5/3/2021,3024.899902,3055,3004,3037,2860.32666,1545831
5/4/2021,3062.800049,3090,3035,3049.75,2872.334229,1990777
5/5/2021,3070,3099.399902,3052.399902,3095.699951,2915.611572,1939289
5/6/2021,3105.5,3134,3074,3111.449951,2930.445557,1791671
5/7/2021,3133,3159.850098,3111.800049,3132.899902,2950.647461,1912540
5/10/2021,3145.949951,3164.199951,3125,3145.5,2962.515137,2137153
5/11/2021,3125,3128.100098,3091.149902,3122.600098,2940.946533,2415625
5/12/2021,3120,3120,3070.600098,3087.600098,2907.983154,1978558
5/14/2021,3098.5,3098.5,3040,3051.5,2873.982666,2043935
5/17/2021,3055,3075.199951,3036,3069.75,2891.171143,2890462
5/18/2021,3100,3124,3078,3088.800049,2909.112549,2098538
5/19/2021,3084,3118,3067.100098,3082,2902.708008,1986041
5/20/2021,3067.100098,3088.800049,3052.100098,3060,2881.988525,2329027
5/21/2021,3061,3088.199951,3055.100098,3080.5,2901.29541,1685566
5/24/2021,3081.5,3105,3072,3081.5,2902.237549,1652260
5/25/2021,3092,3128.25,3082.100098,3114,2947.192871,1841613
5/26/2021,3120,3165,3103.800049,3158.5,2989.309082,1923753
5/27/2021,3161.949951,3217.75,3161.800049,3180,3009.657715,5959785
5/28/2021,3189.5,3198,3135.649902,3143.600098,2975.20752,1763701
5/31/2021,3150,3170.350098,3128.600098,3159.149902,2989.925049,1652799
6/1/2021,3168.600098,3169.949951,3132,3153,2984.104004,1377441
6/2/2021,3150.850098,3159.449951,3115,3129.449951,2961.815186,2240078
6/3/2021,3154.550049,3154.550049,3122.649902,3141.25,2972.983643,1281706
6/4/2021,3128,3156.850098,3125,3143.75,2975.349609,1836060
6/7/2021,3145,3190.449951,3133.600098,3183.199951,3012.686035,2559821
6/8/2021,3198,3231,3187.199951,3200.149902,3028.728271,2574057
6/9/2021,3202,3220,3186.199951,3200.25,3028.822998,1710925
6/10/2021,3210,3224,3193,3216.800049,3044.486084,1874324
6/11/2021,3211.550049,3309,3211,3273.800049,3098.433105,3452954
6/14/2021,3279,3308.699951,3270.350098,3276.350098,3100.846924,1847360
6/15/2021,3298,3298,3251.550049,3262.75,3087.974854,1304985
6/16/2021,3262.100098,3294.699951,3253,3274.350098,3098.953857,1635552
6/17/2021,3265.5,3336.050049,3260,3317.75,3140.028809,2273413
6/18/2021,3350.899902,3358,3275,3297.300049,3120.674561,3380431
6/21/2021,3265,3286,3251.699951,3273.100098,3097.770752,1130569
6/22/2021,3304,3327.050049,3285,3301.199951,3124.365234,1708688
6/23/2021,3329,3329,3256.399902,3261.399902,3086.697021,1467104
6/24/2021,3284,3383,3278.5,3373.600098,3192.886963,4155204
6/25/2021,3375.25,3399.649902,3350,3380.800049,3199.70166,2722861
6/28/2021,3391.5,3391.5,3333,3336.75,3158.01123,1355238
6/29/2021,3342,3366.300049,3326.5,3340.850098,3161.891113,1497322
6/30/2021,3346,3382,3338.5,3345.75,3166.529053,1693146
7/1/2021,3358,3362,3332.350098,3341.5,3162.506836,990310
7/2/2021,3331,3339.699951,3295.199951,3325.449951,3147.316162,1682274
7/5/2021,3342,3374,3302,3321,3143.104492,1972858
7/6/2021,3313,3328,3256.100098,3262.300049,3087.549072,2159420
7/7/2021,3275,3282.699951,3241.600098,3274.949951,3099.521729,2640710
7/8/2021,3298,3298,3231.899902,3258.5,3083.952393,2485811
7/9/2021,3250,3282,3201,3208.149902,3036.299316,6365067
7/12/2021,3235,3236,3188.350098,3193.100098,3022.056152,1892226
7/13/2021,3214,3214,3175,3187.550049,3016.803467,1809339
7/14/2021,3187,3222,3185,3214.550049,3042.356934,2044279
7/15/2021,3227.600098,3231.850098,3194,3202.949951,3037.993896,2232968
7/16/2021,3213,3219.850098,3192,3194.800049,3030.263916,1256526
7/19/2021,3180,3199.800049,3176,3184.600098,3020.588867,1597058
7/20/2021,3184.600098,3215,3156.149902,3205.800049,3040.697266,1811945
7/22/2021,3190,3224.949951,3190,3216.350098,3050.703857,2859334
7/23/2021,3230,3241.550049,3206.649902,3212.850098,3047.384277,1776193
7/26/2021,3200,3224.25,3190.850098,3197.550049,3032.871826,1259611
7/27/2021,3200,3210,3161.149902,3182.949951,3019.023926,1121367
7/28/2021,3188,3204.449951,3132.399902,3197.800049,3033.109131,1660654
7/29/2021,3200.25,3225.449951,3190.300049,3195.800049,3031.211914,1731997
7/30/2021,3219,3223.5,3162.350098,3167.449951,3004.321777,2999943
8/2/2021,3180,3224.899902,3167,3219.399902,3053.59668,2608669
8/3/2021,3229,3290,3218.949951,3284.899902,3115.723389,3804735
8/4/2021,3300,3305.199951,3261.199951,3273.949951,3105.337158,2929598
8/5/2021,3275,3315,3262.5,3283.949951,3114.82251,2534521
8/6/2021,3272.550049,3324,3265,3309.800049,3139.341064,2292362
8/9/2021,3323.899902,3337,3310,3322.699951,3151.576416,1510489
8/10/2021,3315.600098,3349.899902,3315.600098,3333.899902,3162.199463,2040777
8/11/2021,3350,3360,3327.100098,3344.199951,3171.969238,1929707
8/12/2021,3326,3368,3326,3351.75,3179.130615,1310205
8/13/2021,3360.75,3480,3357.5,3463.399902,3285.030518,4363584
8/16/2021,3460,3494.350098,3436.5,3472.949951,3294.088379,2083489
8/17/2021,3482.100098,3560.800049,3463,3553.050049,3370.063721,4336019
8/18/2021,3573.850098,3595,3536.600098,3560.550049,3377.176514,2631309
8/20/2021,3506,3575,3500,3559.5,3376.181152,2836148
8/23/2021,3580,3673,3561.899902,3637.399902,3450.069336,3744176
8/24/2021,3657,3667.350098,3594.399902,3613.199951,3427.115479,2511141
8/25/2021,3610,3697.75,3607.050049,3659,3470.556396,2123263
8/26/2021,3660,3687.600098,3647.899902,3671.850098,3482.744629,1902533
8/27/2021,3666,3729.5,3651.100098,3720.149902,3528.557373,3944728
8/30/2021,3715,3740.350098,3687.600098,3701.300049,3510.677734,2033114
8/31/2021,3709.399902,3804.100098,3703.449951,3786.449951,3591.442627,3207480
9/1/2021,3796,3816.699951,3707,3714.949951,3523.625244,2643336
9/2/2021,3734,3859.149902,3722,3836.75,3639.152344,3403717
9/3/2021,3825,3856.899902,3804.550049,3842.050049,3644.179199,1746812
9/6/2021,3849.699951,3877.600098,3814,3852,3653.617188,1723693
9/7/2021,3864,3869.949951,3808.25,3815.899902,3619.376465,1585039
9/8/2021,3810,3815,3756,3774.149902,3579.775879,4147175
9/9/2021,3789.699951,3808.699951,3765,3791.399902,3596.137939,1441148
9/13/2021,3767,3852.399902,3767,3845.350098,3647.309326,1691473
9/14/2021,3849.949951,3896.5,3825,3885.899902,3685.770752,1991188
9/15/2021,3882.100098,3980,3866,3954.550049,3750.885254,2461369
9/16/2021,3930,3981.75,3892.100098,3903.300049,3702.275146,2946666
9/17/2021,3920,3945,3805,3827.850098,3630.711182,6477148
9/20/2021,3809,3871,3807.850098,3823.5,3626.584473,2002008
9/21/2021,3858,3871.550049,3821.649902,3862.949951,3664.00293,1568129
9/22/2021,3862.5,3896.850098,3852.449951,3862.149902,3663.244141,1744067
9/23/2021,3870,3879,3835,3869.25,3669.978516,2003869
9/24/2021,3890,3944.399902,3855,3871.300049,3671.922852,2320754
9/27/2021,3900,3904,3802.899902,3836.949951,3639.342041,1673362
9/28/2021,3850,3850,3751.25,3779.149902,3584.518799,2253075
9/29/2021,3759.800049,3806,3722.149902,3791.899902,3596.611816,2489161
9/30/2021,3805,3805,3750.100098,3775.550049,3581.104004,2252412
10/1/2021,3781.75,3810,3725,3730.199951,3538.0896,1578374
10/4/2021,3724.800049,3783.649902,3707.449951,3773.300049,3578.970215,1356860
10/5/2021,3754,3840,3741.600098,3833.300049,3635.880127,1877966
10/6/2021,3836,3857.449951,3795,3810.899902,3614.633301,1678154
10/7/2021,3830,3899,3820.050049,3892.899902,3692.4104,1647233
10/8/2021,3925,3989.899902,3900,3935.649902,3732.958984,2934339
10/11/2021,3755,3757.5,3660,3685.600098,3495.786621,11845402
10/12/2021,3706,3707,3630.600098,3652.850098,3464.723633,5752877
10/13/2021,3650,3675.449951,3645,3655.199951,3466.952148,3545655
10/14/2021,3625,3670,3608.199951,3611.449951,3432.02832,6442299
10/18/2021,3603.449951,3652.699951,3601.449951,3647.149902,3465.954834,3590107
10/19/2021,3669,3690.100098,3625.199951,3634.149902,3453.600586,3135441
10/20/2021,3612,3630,3578.300049,3608.850098,3429.557617,2933693
10/21/2021,3604.100098,3607.449951,3511.25,3532.5,3357.000732,4871211
10/22/2021,3560,3561.600098,3485,3498.850098,3325.022461,2691670
10/25/2021,3503,3514.550049,3450,3492.949951,3319.415527,2595594
10/26/2021,3494.5,3529,3475,3482.600098,3309.579834,3878763
10/27/2021,3483,3511.25,3483,3489.75,3316.374512,2510813
10/28/2021,3518,3518,3415,3421.649902,3251.657715,2424942
10/29/2021,3400.050049,3461,3385.949951,3397.75,3228.945068,3960501
11/1/2021,3437.949951,3487,3412.949951,3476.399902,3303.687744,2020718
11/2/2021,3494,3513.600098,3469.75,3484.199951,3311.100098,3087414
11/3/2021,3504.199951,3519.899902,3466.050049,3492.25,3318.750244,1537639
11/4/2021,3512.949951,3513.25,3505,3508.649902,3334.335693,328991
11/8/2021,3548,3548,3481.199951,3502.75,3328.728516,2526082
11/9/2021,3508,3535,3496,3505.699951,3331.531982,1782692
11/10/2021,3498,3519.699951,3480.199951,3484.300049,3311.195068,1516489
11/11/2021,3480,3510.050049,3436,3488.199951,3314.901367,1284514
11/12/2021,3506,3534.149902,3485.699951,3526.050049,3350.87085,1747259
11/15/2021,3528,3569.600098,3528,3553.300049,3376.766846,1809157
11/16/2021,3569,3575.550049,3542,3556.399902,3379.712891,2013204
11/17/2021,3550.600098,3562.850098,3506.399902,3521.899902,3346.927002,1632914
11/18/2021,3515.149902,3520.850098,3451.600098,3475.699951,3303.022461,2136598
11/22/2021,3478.399902,3515.949951,3440.300049,3458.399902,3286.581787,3167936
11/23/2021,3445,3480.949951,3407.800049,3464.25,3292.141357,2153461
11/24/2021,3472.199951,3493.050049,3424,3443.300049,3272.232178,2161746
11/25/2021,3443.899902,3463,3434.050049,3445.899902,3274.703125,1849619
11/26/2021,3425,3490,3411.899902,3446.850098,3275.605957,1941251
11/29/2021,3447.149902,3529.350098,3406.449951,3502,3328.016113,2981745
11/30/2021,3491,3563.75,3491,3529.149902,3353.816406,5588446
12/1/2021,3535,3590,3535,3577.800049,3400.050049,2102118
12/2/2021,3589.199951,3648,3574.100098,3642.899902,3461.915527,3152938
12/3/2021,3646.449951,3665.949951,3630.850098,3640.449951,3459.587402,2486263
12/6/2021,3640.449951,3658,3522,3536.399902,3360.706787,1849642
12/7/2021,3562.5,3598,3524.300049,3584.5,3406.416992,1484458
12/8/2021,3601,3646.449951,3601,3626.899902,3446.710449,1428660
12/9/2021,3610,3634.75,3566,3601.75,3422.810059,1567957
12/10/2021,3585,3642,3575.100098,3636.800049,3456.118896,1510718
12/13/2021,3650,3662,3601.699951,3609.649902,3430.317627,1883864
12/14/2021,3605,3635,3576.699951,3623.800049,3443.764893,1747007
12/15/2021,3620,3623,3558.149902,3570.350098,3392.970215,1603233
12/16/2021,3582,3608.449951,3570,3581.600098,3403.661865,2072320
12/17/2021,3602.5,3651.350098,3573.699951,3584.350098,3406.274902,4333992
12/20/2021,3589,3606,3510.149902,3556.899902,3380.187988,2312310
12/21/2021,3582.649902,3641.199951,3566.399902,3608.300049,3429.034668,2340989
12/22/2021,3624,3636.800049,3606.25,3630.75,3450.369141,1224328
12/23/2021,3648,3670.5,3630,3662.699951,3480.731934,1792861
12/24/2021,3685,3705,3644.800049,3670.899902,3488.524658,2209923
12/27/2021,3671,3700,3653.100098,3696.100098,3512.472656,1534135
12/28/2021,3710,3725,3693.850098,3706.550049,3522.403564,1456218
12/29/2021,3692.25,3719.949951,3685,3694.699951,3511.14209,1456923
12/30/2021,3681.350098,3740,3680,3733.75,3548.252197,1966475
12/31/2021,3742.800049,3760,3731.300049,3738.350098,3552.623291,1207141
1/3/2022,3750,3830,3745,3817.75,3628.079102,2346158
1/4/2022,3831.100098,3889.149902,3811.699951,3884.75,3691.750488,2488606
1/5/2022,3865,3870,3812.399902,3860.949951,3669.132813,1733031
1/6/2022,3812,3835,3772,3807.449951,3618.290771,1810293
1/7/2022,3820,3864.899902,3796.399902,3853.5,3662.052734,2460591
1/10/2022,3978,3978,3861,3879.850098,3687.093506,3937092
1/11/2022,3856,3925,3856,3915.899902,3721.353027,1906106
1/12/2022,3925,3929,3836.550049,3859.899902,3668.134766,3203744
1/13/2022,3918,3923,3857,3897.899902,3704.247314,6684507
1/14/2022,3877.850098,3977,3860.050049,3968.149902,3771.006836,3348123
1/17/2022,3992.699951,4043,3962.300049,4019.149902,3819.473145,3442604
1/18/2022,4033.949951,4041.699951,3980,3990.600098,3792.341553,2389041
1/19/2022,4012,4012,3910.5,3914.649902,3726.701904,3102539
1/20/2022,3910,3920,3811,3826.550049,3642.831787,6176776
1/21/2022,3807,3851.550049,3771.100098,3833.5,3649.447998,3112358
1/24/2022,3840,3849.649902,3740.100098,3771.350098,3590.282227,3258414
1/25/2022,3769.5,3809.399902,3722.199951,3769.899902,3588.901123,3330501
1/27/2022,3731,3733.399902,3625.100098,3649.25,3474.044189,5718297
1/28/2022,3646,3729.800049,3646,3690.050049,3512.885254,3143862
1/31/2022,3749,3758,3721.399902,3736.25,3556.867188,2739393
2/1/2022,3770,3808,3736.399902,3800.649902,3618.175293,2105169
2/2/2022,3827.899902,3864,3800.649902,3856.199951,3671.058105,1984212
2/3/2022,3851,3882.5,3816.050049,3824.600098,3640.975586,1960538
2/4/2022,3815.300049,3824.699951,3769,3814.899902,3631.740723,2307366
2/7/2022,3791,3831.800049,3756.149902,3779,3597.564697,1919149
2/8/2022,3791.550049,3799.699951,3721,3743.449951,3563.721436,2946443
2/9/2022,3750,3777.949951,3746.100098,3760.550049,3580.000488,1638721
2/10/2022,3789.800049,3789.800049,3758,3770.350098,3589.330078,2112459
2/11/2022,3752.5,3752.5,3690,3694.949951,3517.550049,3851488
2/14/2022,3724,3793.25,3710,3733.75,3554.487061,5951745
2/15/2022,3786,3835,3748,3817.800049,3634.501709,3931683
2/16/2022,3844,3854.100098,3806,3813.100098,3630.027832,3256906
2/17/2022,3825,3835,3779,3784.199951,3602.515137,3134372
2/18/2022,3769,3815.949951,3757.600098,3793.899902,3611.749023,3688883
2/21/2022,3810,3827.800049,3705.550049,3719.399902,3540.826172,7465922
2/22/2022,3650,3667.899902,3570,3586.399902,3414.211426,5408531
2/23/2022,3611,3622.899902,3555.649902,3563.800049,3392.696533,2426203
2/24/2022,3474,3483.850098,3391.100098,3401.649902,3238.332031,5039136
2/25/2022,3468,3530,3462,3520.75,3351.713867,2549723
2/28/2022,3490,3563.75,3455.899902,3554.199951,3383.557617,3288942
3/2/2022,3552.5,3571.949951,3506,3546.149902,3375.893799,2761341
3/3/2022,3562.850098,3578.600098,3530.100098,3544.399902,3374.228027,1928039
3/4/2022,3501.5,3561.199951,3487.050049,3524.350098,3355.140625,2370257
3/7/2022,3450,3548,3431.550049,3484.899902,3317.584717,3054130
3/8/2022,3460,3609,3460,3599.949951,3427.111084,3300992
3/9/2022,3605,3654,3597.050049,3632.600098,3458.193604,2719654
3/10/2022,3684,3684,3615,3620.949951,3447.103027,2005441
3/11/2022,3603.25,3639.850098,3592.850098,3599.149902,3426.349609,1623423
3/14/2022,3580,3648.350098,3580,3643,3468.094238,1765688
3/15/2022,3659,3659,3585.399902,3593.899902,3421.351318,3651133
3/16/2022,3640.5,3668,3616.25,3655.899902,3480.374268,3090475
3/17/2022,3696.600098,3710,3660.300049,3672.75,3496.416016,3600452
3/21/2022,3696,3713.949951,3615,3626.699951,3452.57666,2413831
3/22/2022,3640,3711,3625,3700.949951,3523.261719,2907611
3/23/2022,3708,3729.800049,3690,3712.399902,3534.162109,1596195
3/24/2022,3700,3758.199951,3695,3749.850098,3569.814453,1879046
3/25/2022,3759.899902,3779.5,3672,3707.449951,3529.449707,1690133
3/28/2022,3695,3713,3661.199951,3707.699951,3529.687744,1760990
3/29/2022,3694.75,3722,3691,3705.350098,3527.450684,2689063
3/30/2022,3738,3738,3706.199951,3731.550049,3552.392578,1583455
3/31/2022,3740,3754.649902,3720.199951,3739.949951,3560.389648,2168110
4/1/2022,3748,3763,3728.050049,3758.75,3578.287109,1387014
4/4/2022,3762,3780,3737.100098,3770.350098,3589.330078,1472994
4/5/2022,3772,3835.600098,3772,3814.800049,3631.645752,2314947
4/6/2022,3809.300049,3809.300049,3731.149902,3755.350098,3575.050049,2051729
4/7/2022,3745.5,3745.5,3679,3684.149902,3507.268555,2494829
4/8/2022,3690,3705,3642.5,3685.649902,3508.696777,2296773
4/11/2022,3690,3712.350098,3656.100098,3696.399902,3518.93042,2291660
4/12/2022,3683,3739,3648.350098,3691.100098,3513.88501,4483476
4/13/2022,3707,3709.850098,3655.550049,3661.949951,3486.134033,1621672
4/18/2022,3610,3610,3522.5,3528.050049,3358.663086,3820792
4/19/2022,3550,3563.550049,3439.149902,3471.899902,3305.208984,3170014
4/20/2022,3500,3569.149902,3480,3556.800049,3386.032959,2640370
4/21/2022,3580,3644,3567.399902,3628.649902,3454.433105,2280996
4/22/2022,3581.100098,3617,3571.5,3612.550049,3439.105957,1581465
4/25/2022,3558,3584,3533.100098,3548.199951,3377.845703,1960694
4/26/2022,3575.149902,3587.899902,3518.149902,3546.300049,3376.036865,1943469
4/27/2022,3546,3568.449951,3506.300049,3561.199951,3390.221924,1727648
4/28/2022,3588,3604.399902,3538.050049,3584.300049,3412.212646,1703660
4/29/2022,3597,3623.25,3536.850098,3546.699951,3376.41748,2051115
5/2/2022,3519.899902,3547.949951,3492.75,3542.399902,3372.324219,1324161
5/4/2022,3538.5,3545.449951,3465.300049,3479.75,3312.682129,2305825
5/5/2022,3512.100098,3533,3485.350098,3513.399902,3344.716553,1612262
5/6/2022,3459,3474.5,3424.5,3432.600098,3267.795898,2010812
5/9/2022,3398,3456,3346.850098,3445.100098,3279.695801,2481830
5/10/2022,3434,3464.800049,3422,3438.75,3273.650146,1622685
5/11/2022,3435,3448.449951,3382.149902,3412,3248.18457,1841769
5/12/2022,3378,3449.699951,3350.100098,3408.649902,3244.996094,2807195
5/13/2022,3435,3439.899902,3382.149902,3414.899902,3250.945557,2187823
5/16/2022,3415,3430,3366.600098,3376.800049,3214.674805,1195813
5/17/2022,3370,3467,3350.399902,3451.600098,3285.883789,1754076
5/18/2022,3465,3495,3443.050049,3448.800049,3283.218018,1866781
5/19/2022,3397,3405,3230,3261.949951,3105.338867,4642963
5/20/2022,3310,3313.899902,3270.050049,3293,3134.897949,3065125
5/23/2022,3304.800049,3338.899902,3267,3321.75,3162.267578,2293690
5/24/2022,3315.149902,3324.850098,3275.600098,3288,3130.138184,1711510
5/25/2022,3292.850098,3292.850098,3154.050049,3167.649902,3035.879395,3548046
5/26/2022,3191,3241.5,3180.550049,3226.949951,3092.712402,2813186
5/27/2022,3253.199951,3278.899902,3229.199951,3261.300049,3125.633789,3103153
5/30/2022,3297,3386.600098,3286.350098,3375.25,3234.84375,2094624
5/31/2022,3354.149902,3383.399902,3325,3364.350098,3224.396973,4840965
6/1/2022,3388,3388,3340.050049,3355.199951,3215.627441,1493835
6/2/2022,3355,3432,3346.300049,3423,3280.607422,2657939
6/3/2022,3459.399902,3477.300049,3431.199951,3440.149902,3297.043701,1913622
6/6/2022,3418,3453,3377.149902,3430.949951,3288.226807,1084210
6/7/2022,3401.050049,3418.850098,3356,3362.699951,3222.81543,2308256
6/8/2022,3380.149902,3413.949951,3346.5,3404.149902,3262.54126,2185707
6/9/2022,3385,3437,3353.100098,3427.100098,3284.536377,1279197
6/10/2022,3382,3393,3352,3359.899902,3220.13208,1527582
6/13/2022,3290,3293,3192.449951,3219.600098,3085.668457,3030921
6/14/2022,3190,3238.899902,3174.699951,3210.550049,3076.994629,2611493
6/15/2022,3218.5,3234,3201,3206.300049,3072.921631,1404536
6/16/2022,3240,3244.850098,3133.050049,3142,3011.296875,2032028
6/17/2022,3092,3118.75,3023.850098,3088.899902,2960.405518,5240434
6/20/2022,3094,3138.75,3069,3112.399902,2982.927979,1502769
6/21/2022,3130,3237.75,3125.399902,3211.949951,3078.336426,2964461
6/22/2022,3199.899902,3250.550049,3183,3222.949951,3088.878418,3336315
6/23/2022,3222.949951,3318,3222.949951,3308.800049,3171.157715,3692578
6/24/2022,3339,3345,3277.5,3293.100098,3156.11084,2132118
6/27/2022,3350,3362.899902,3306.5,3314.699951,3176.812012,2037686
6/28/2022,3307,3330,3272.600098,3318.149902,3180.118652,1400046
6/29/2022,3271,3333,3271,3290.5,3153.618896,2133994
6/30/2022,3272,3310.899902,3255,3267.100098,3131.192383,2719603
7/1/2022,3260,3333,3252.050049,3315.100098,3177.195801,1502879
7/4/2022,3312,3317.949951,3225.050049,3235.050049,3100.476074,2622535
7/5/2022,3255,3272,3206.949951,3216.300049,3082.505615,2170627
7/6/2022,3218.5,3268.5,3202.25,3260.75,3125.106689,2182144
7/7/2022,3271,3319.399902,3265.050049,3287.850098,3151.079102,1989921
7/8/2022,3300,3305,3250,3265.449951,3129.61084,2136916
7/11/2022,3206.149902,3225,3106,3113.800049,2984.269531,6974600
7/12/2022,3114.899902,3136.199951,3080.25,3084.699951,2956.379883,3734815
7/13/2022,3104,3110,3035,3038.75,2912.341553,3863530
7/14/2022,3056,3057,2967,2998.75,2881.591553,4764908
7/15/2022,3018.550049,3028.899902,2953,2994.600098,2877.60376,4574806
7/18/2022,3023,3076.949951,3014.300049,3063.5,2943.812012,3202795
7/19/2022,3030.050049,3078.949951,3030.050049,3074.25,2954.14209,1865074
7/20/2022,3107.800049,3171.949951,3098.050049,3164.800049,3041.154541,3402251
7/21/2022,3167,3184,3144.050049,3177.300049,3053.16626,2420640
7/22/2022,3185,3197,3143.5,3171,3047.112061,2075886
7/25/2022,3165,3186.449951,3149.100098,3166.75,3043.02832,1797504
7/26/2022,3164.699951,3168.899902,3096.5,3115.899902,2994.164795,2639367
7/27/2022,3115,3194.100098,3110,3188.850098,3064.264648,1389808
7/28/2022,3216,3264,3201.649902,3260.5,3133.115723,2106333
7/29/2022,3290,3317.300049,3275,3301.899902,3172.898193,2430257
8/1/2022,3327,3327,3271,3298.800049,3169.919434,1306913
8/2/2022,3290,3312.899902,3271.649902,3291.800049,3163.192627,1269114
8/3/2022,3280,3349,3277.050049,3339.5,3209.029053,2895824
8/4/2022,3350,3387.899902,3307.350098,3354.949951,3223.875244,2150567
8/5/2022,3361.199951,3377,3355,3365.050049,3233.580811,1106933
8/8/2022,3365,3378.899902,3336,3374.449951,3242.61377,1068836
8/10/2022,3385,3385,3335,3354.25,3223.202637,1878359
8/11/2022,3400,3428.699951,3375.050049,3422.5,3288.786377,1449248
8/12/2022,3419,3419,3381.25,3401.550049,3268.654785,1472354
8/16/2022,3411,3414.850098,3387.5,3392.699951,3260.150635,839942
8/17/2022,3385.100098,3417.949951,3371.100098,3401.100098,3268.222168,1622326
8/18/2022,3390,3392,3362,3381.25,3249.147705,1430659
8/19/2022,3387,3421.5,3371.25,3385.75,3253.472168,1398410
8/22/2022,3365,3384.100098,3347.399902,3354.550049,3223.491211,1536532
8/23/2022,3319.949951,3341.899902,3270,3284.600098,3156.273926,1849256
8/24/2022,3292,3308,3250.199951,3255.350098,3128.166504,1691923
8/25/2022,3276,3278.149902,3214.75,3218.199951,3092.468018,1946930
8/26/2022,3234.300049,3257,3216.800049,3222.199951,3096.311768,1457962
8/29/2022,3125,3142.699951,3081,3132.550049,3010.164307,2539173
8/30/2022,3155,3226.5,3142.100098,3211.149902,3085.693604,3431525
9/1/2022,3190,3190,3121,3131.699951,3009.347656,3546935
9/2/2022,3163,3163,3120.300049,3130.399902,3008.098389,2052900
9/5/2022,3123.649902,3147.949951,3112.25,3133.399902,3010.980957,2147912
9/6/2022,3135.5,3140.850098,3106.350098,3127.050049,3004.87915,1936453
9/7/2022,3102,3161.899902,3102,3149.600098,3026.54834,1291534
9/8/2022,3170,3183.5,3160.100098,3169.649902,3045.814941,1346113
9/9/2022,3195,3233.5,3168.5,3217.649902,3091.939453,1561185
9/12/2022,3239.899902,3269.800049,3225,3242.949951,3116.250977,1785928
9/13/2022,3263.449951,3263.449951,3225,3229.350098,3103.182617,1972678
9/14/2022,3135,3141.399902,3113.800049,3120.399902,2998.489014,5090269
9/15/2022,3130,3137.75,3100,3104.350098,2983.066406,2138023
9/16/2022,3076,3094.350098,3000,3008.699951,2891.153076,5322221
9/19/2022,3036,3042,2987.800049,3028.800049,2910.467773,2072220
9/20/2022,3050,3079.949951,3030,3040.300049,2921.518311,1544295
9/21/2022,3028,3041.399902,2998.149902,3001.199951,2883.946045,2253818
9/22/2022,2990,3029.949951,2979.300049,3007.399902,2889.904053,2017983
9/23/2022,3004,3022.5,2979,2982.050049,2865.544434,2652374
9/26/2022,2959.850098,3025.850098,2926.100098,2994.399902,2877.411377,2925489
9/27/2022,3009.399902,3025,2976,3017.449951,2899.561035,2227447
9/28/2022,2980,3049.949951,2980,3035.649902,2917.050049,2739767
9/29/2022,3054,3055.850098,2990,2997.300049,2880.198242,2493902
9/30/2022,2990.850098,3019.699951,2950.100098,3004.550049,2887.165039,2817353
10/3/2022,2995,3020.699951,2974,2984.949951,2868.330811,1763331
10/4/2022,3029.949951,3098,3023,3091.149902,2970.381836,2145875
10/6/2022,3111,3124,3092.449951,3101.949951,2980.759766,1790816
10/7/2022,3097.399902,3105,3058.100098,3064.899902,2945.157471,1939879
10/10/2022,3010,3127,3005,3118.550049,2996.711426,3064063
10/11/2022,3100,3145,3053.350098,3069.550049,2949.625732,4730645
10/12/2022,3084.899902,3109.899902,3062.050049,3100.75,2979.606934,1665247
10/13/2022,3100.75,3110,3052.350098,3103.300049,2982.057373,2054781
10/14/2022,3145,3150,3071,3099.149902,2978.069336,2245977
10/17/2022,3072.649902,3128.399902,3071.449951,3111.75,2997.915771,1517005
10/18/2022,3150,3155.350098,3128.550049,3144.699951,3029.6604,1793722
10/19/2022,3159,3159,3112,3121.850098,3007.646484,1194289
10/20/2022,3105,3160,3105,3157.300049,3041.799316,1587601
10/21/2022,3157.800049,3160.399902,3127,3137.399902,3022.627197,1021913
10/24/2022,3170.100098,3178,3155,3161.699951,3046.03833,260949
10/25/2022,3180.5,3184.25,3151.149902,3162.100098,3046.423828,2069643
10/27/2022,3160.699951,3174,3134.350098,3157.399902,3041.895508,2438421
10/28/2022,3150,3178.5,3145,3163.25,3047.531738,1355739
10/31/2022,3199,3199,3177.800049,3193.149902,3076.337402,1919414
11/1/2022,3214.5,3262.600098,3203.449951,3259.699951,3140.453369,2991060
11/2/2022,3270,3270,3222.050049,3241.699951,3123.111572,1405955
11/3/2022,3228.050049,3228.050049,3195,3206.75,3089.440186,1422652
11/4/2022,3217,3220.050049,3166.149902,3217.399902,3099.700684,1464013
11/7/2022,3229,3242.800049,3195.100098,3233.699951,3115.404541,1474498
11/9/2022,3249.800049,3249.800049,3201.649902,3216.050049,3098.400146,1162267
11/10/2022,3170,3225,3170,3205.649902,3088.380615,1573092
11/11/2022,3269.600098,3341.600098,3255.050049,3315.949951,3194.645752,3265394
11/14/2022,3324,3349,3309,3335.5,3213.480713,1342074
11/15/2022,3321,3339.949951,3292,3332.600098,3210.686768,1400708
11/16/2022,3338.899902,3367.899902,3321.449951,3355.350098,3232.604492,1748235
11/17/2022,3340,3360,3317.75,3349,3226.486572,1417986
11/18/2022,3350,3362.75,3321,3343.449951,3221.139404,1164540
11/21/2022,3322.5,3333.699951,3273,3283.5,3163.382813,1304194
11/22/2022,3280,3318.949951,3255.25,3314.949951,3193.682129,1149739
11/23/2022,3330,3330,3291,3308.300049,3187.275635,1150011
11/24/2022,3316.25,3392.949951,3308.300049,3380.149902,3256.49707,1296591
11/25/2022,3383,3403.350098,3348,3389.649902,3265.649414,1588981
11/28/2022,3366,3417,3365.550049,3395.25,3271.044678,2195437
11/29/2022,3383,3429,3383,3397.350098,3273.067871,1576028
11/30/2022,3383,3414.899902,3375,3390.800049,3266.757813,3410702
12/1/2022,3425,3480,3420,3475.649902,3348.50293,2180856
12/2/2022,3458.100098,3468.899902,3413,3439.149902,3313.338867,2411749
12/5/2022,3433,3439.149902,3407,3425.899902,3300.573486,1475065
12/6/2022,3400.050049,3407.949951,3368,3385.350098,3261.506836,1166999
12/7/2022,3368.300049,3393.699951,3354,3380.600098,3256.93042,1167505
12/8/2022,3360,3380.600098,3339.449951,3350.550049,3227.97998,1285619
12/9/2022,3374.100098,3374.100098,3276.350098,3292.75,3172.294189,1797896
12/12/2022,3255.5,3296,3236.100098,3286.449951,3166.224854,1527610
12/13/2022,3277.199951,3336.449951,3267.800049,3332.100098,3210.204834,1378016
12/14/2022,3348.800049,3377,3340.899902,3365.350098,3242.23877,1213311
12/15/2022,3358.800049,3364.75,3298.949951,3305.100098,3184.192627,1415694
12/16/2022,3275,3292,3225.199951,3240.25,3121.714844,2703680
12/19/2022,3227,3245.5,3194.5,3202.050049,3084.912598,2120965
12/20/2022,3198.899902,3249,3163.649902,3243.949951,3125.279541,1529971
12/21/2022,3249,3283.050049,3240,3268.550049,3148.979736,1432566
12/22/2022,3294,3294,3245.100098,3259.699951,3140.453369,1384101
12/23/2022,3217,3266.850098,3217,3228.350098,3110.250244,1360281
12/26/2022,3228.350098,3272,3225.050049,3252.899902,3133.9021,870157
12/27/2022,3269.199951,3273.800049,3231.5,3259.5,3140.260986,835883
12/28/2022,3249.800049,3266.100098,3226,3257.100098,3137.948486,910795
12/29/2022,3231.100098,3271.5,3228,3268.75,3149.172607,1037927
12/30/2022,3286.050049,3299,3246.199951,3256.699951,3137.563232,1163131
1/2/2023,3261,3266.850098,3235.199951,3261.449951,3142.139404,709547
1/3/2023,3252,3320,3245.300049,3311.350098,3190.213867,1245178
1/4/2023,3306.699951,3327.350098,3286.199951,3314.649902,3193.392822,1231668
1/5/2023,3330.199951,3337.300049,3281.949951,3311.100098,3189.973145,1826057
1/6/2023,3300,3301.550049,3200,3211.550049,3094.064941,2488376
1/9/2023,3229,3327,3221.149902,3319.949951,3198.499023,2885060
1/10/2023,3285,3298,3230.100098,3286.399902,3166.176758,3864655
1/11/2023,3290.100098,3349.5,3271.149902,3328.699951,3206.928955,2720512
1/12/2023,3329,3350,3315.550049,3334.350098,3212.372559,2250391
1/13/2023,3342.899902,3379,3305,3374.550049,3251.101807,1742837
1/16/2023,3317,3353,3298.050049,3334.050049,3277.149658,1843607
1/17/2023,3330,3381.800049,3321,3378.399902,3320.742676,1688475
1/18/2023,3380,3408.949951,3372.25,3390,3332.144775,2421189
1/19/2023,3380,3387,3361,3373.100098,3315.533203,1585044
1/20/2023,3365,3394.649902,3355.600098,3363.100098,3305.703857,1529349
1/23/2023,3388,3419,3355.600098,3414.899902,3356.619629,1067916
1/24/2023,3425,3451.949951,3417.300049,3436.300049,3377.654541,1387863
1/25/2023,3425.300049,3435,3405,3429.75,3371.216553,874110
1/27/2023,3426,3446,3382.300049,3411.050049,3352.835449,1785879
1/30/2023,3420,3458.449951,3385.550049,3433.649902,3375.049805,1953798
1/31/2023,3449,3449,3351,3358.699951,3301.378662,2820375
2/1/2023,3363,3419,3355,3408.350098,3350.181396,2205161
2/2/2023,3427,3469,3420.100098,3460.399902,3401.343262,1813847
2/3/2023,3504,3504,3452.899902,3482.300049,3422.869385,1804469
2/6/2023,3473.149902,3473.149902,3436.850098,3459.949951,3400.900879,1138714
2/7/2023,3468.899902,3493,3461.399902,3472.550049,3413.285889,1455647
2/8/2023,3478.050049,3539.899902,3478.050049,3520.100098,3460.024658,1986946
2/9/2023,3515,3547.600098,3505.300049,3540.850098,3480.42041,1655427
2/10/2023,3520,3542.350098,3508.149902,3537.550049,3477.176514,1187821
2/13/2023,3549,3549,3473.399902,3482.399902,3422.967529,1087939
2/14/2023,3505,3524.850098,3495,3500.100098,3440.365723,1579818
2/15/2023,3487,3526,3460.149902,3520.649902,3460.565186,1429449
2/16/2023,3527.199951,3575,3527,3558.050049,3497.32666,1618931
2/17/2023,3526.149902,3538.899902,3490,3501.149902,3441.397705,1061369
2/20/2023,3502,3522,3475.050049,3487.300049,3427.78418,1296082
2/21/2023,3494,3508.899902,3444.75,3451,3392.103516,1139541
2/22/2023,3414.949951,3447,3395,3401.550049,3343.497803,1218430
2/23/2023,3421,3452.399902,3408,3413.800049,3355.538574,1441570
2/24/2023,3422.5,3433.949951,3382.300049,3400.449951,3342.41626,977592
2/27/2023,3390,3390,3316,3331.850098,3274.987061,1128022
2/28/2023,3328.5,3392,3299.899902,3312.850098,3256.311523,4116217
3/1/2023,3323,3389,3315,3385.699951,3327.918213,1669307
3/2/2023,3361,3369.899902,3318,3321.449951,3264.764404,1556538
3/3/2023,3354,3358,3331.100098,3342.149902,3285.111328,1043190
3/6/2023,3361.899902,3404.949951,3359,3371.850098,3314.304443,1334132
3/8/2023,3364,3396,3330.850098,3390.399902,3332.537842,1844590
3/9/2023,3385,3385,3330.850098,3336.850098,3279.901855,1648500
3/10/2023,3312.899902,3337.25,3290,3331,3274.151367,1024404
3/13/2023,3333,3369.800049,3272,3281.949951,3225.938721,1901233
3/14/2023,3280,3304.399902,3209.399902,3214.949951,3160.082031,2670334
3/15/2023,3250,3260.350098,3192,3198.899902,3144.306152,1780522
3/16/2023,3208,3219.800049,3172,3185,3130.643311,1901060
3/17/2023,3150.5,3221.399902,3144,3179.300049,3125.040527,6739966
3/20/2023,3169.649902,3169.649902,3095.050049,3143.300049,3089.655029,2289468
3/21/2023,3143.300049,3156.75,3097.449951,3106.100098,3053.0896,1815297
3/22/2023,3130.050049,3143.5,3106.100098,3130.800049,3077.368408,1123939
3/23/2023,3114.899902,3146.350098,3101,3124.649902,3071.323242,1372218
3/24/2023,3148.899902,3170,3106,3120.5,3067.243896,1329577
3/27/2023,3135,3152.75,3106,3122.300049,3069.013184,1524217
3/28/2023,3127,3149.550049,3110.149902,3115.899902,3062.722656,1303530
3/29/2023,3129,3150,3104.100098,3138.899902,3085.330078,1740616
3/31/2023,3189.949951,3213,3152,3205.899902,3151.186523,2382581
4/3/2023,3224.949951,3224.949951,3173.75,3200,3145.387207,1521830
4/5/2023,3185.5,3264.350098,3185.5,3239.800049,3184.508057,2655065
4/6/2023,3225,3257.350098,3215,3220.699951,3165.734131,1703464
4/10/2023,3220,3272,3215,3263.399902,3207.705566,2203187
4/11/2023,3264,3272.949951,3192.149902,3213.800049,3158.952148,2348779
4/12/2023,3227.949951,3260.949951,3199,3241.649902,3186.326416,2417727
4/13/2023,3210,3230,3180,3188.850098,3134.427734,4174070
4/17/2023,3134.100098,3163.399902,3070.25,3139.5,3085.919678,5505048
4/18/2023,3154.949951,3156.850098,3110.600098,3130.75,3077.319336,2617302
4/19/2023,3130.75,3140,3071.5,3089.600098,3036.871826,3298034
4/20/2023,3090,3113,3078,3104.800049,3051.812012,2419999
4/21/2023,3110,3164.449951,3100.800049,3160.850098,3106.905518,1929184
4/24/2023,3151.100098,3180.949951,3126.149902,3174.800049,3120.617188,1640676
4/25/2023,3183,3191.199951,3147.5,3176,3121.796875,2024090
4/26/2023,3181,3208.399902,3181,3198.149902,3143.568604,2000029
4/27/2023,3185,3199.199951,3170.649902,3187.949951,3133.542969,2434446
4/28/2023,3200.399902,3227.25,3196.25,3219.25,3164.308838,2931312
5/2/2023,3235,3235,3210,3219.399902,3164.456055,2321159
5/3/2023,3216,3216,3173.149902,3179.899902,3125.630371,2468285
5/4/2023,3180.149902,3224.449951,3178,3220.699951,3165.734131,1953253
5/5/2023,3220,3244,3210.050049,3230.699951,3175.563477,1710027
5/8/2023,3245,3254.850098,3231.300049,3250.600098,3195.123779,928235
5/9/2023,3252.600098,3298,3246,3283.25,3227.216553,1107375
5/10/2023,3290,3306.5,3266.050049,3286.800049,3230.706055,1559987
5/11/2023,3309,3309.699951,3272,3282.149902,3226.135254,1719623
5/12/2023,3279.149902,3290,3260,3274.300049,3218.419434,1027479
5/15/2023,3284,3292,3248.350098,3255.050049,3199.497803,1150390
5/16/2023,3256.199951,3285,3250.449951,3258.149902,3202.545166,986306
5/17/2023,3255.949951,3280,3198.25,3208.699951,3153.938721,1588815
5/18/2023,3225.949951,3228.949951,3195,3199.850098,3145.23999,1369364
5/19/2023,3210,3234.5,3203.050049,3222.850098,3167.847656,1152449
5/22/2023,3230,3308.449951,3217.050049,3298.699951,3242.403076,1333243
5/23/2023,3306,3327.949951,3290.100098,3297.050049,3240.781006,1687418
5/24/2023,3276,3317.199951,3276,3303.350098,3246.973633,1016555
5/25/2023,3294,3306,3267.100098,3293.5,3237.291748,1374917
5/26/2023,3293.5,3338.649902,3291,3328.899902,3272.087158,1791115
5/29/2023,3360.800049,3372,3312,3320.350098,3263.683594,1210372
5/30/2023,3315,3326.949951,3301.350098,3316.199951,3259.604248,1344224
5/31/2023,3309,3327.699951,3265.149902,3289.5,3233.359863,5815424
6/1/2023,3314,3340,3297.5,3324,3267.27124,1177314
6/2/2023,3326.25,3335.899902,3297.449951,3305.600098,3249.185303,2030661
6/5/2023,3315,3327,3285.050049,3288.899902,3232.77002,1861468
6/6/2023,3280,3288.850098,3220.600098,3232.300049,3177.13623,2022849
6/7/2023,3253,3278.850098,3241,3274.899902,3219.008789,1567196
6/8/2023,3261,3270,3233,3236.449951,3181.215088,1759366
6/9/2023,3245,3250,3205.350098,3209.300049,3154.528564,1775689
6/12/2023,3215,3254.399902,3211,3246.899902,3191.487061,2324605
6/13/2023,3260,3265,3239,3243.699951,3188.341309,1371928
6/14/2023,3243.699951,3255.850098,3225.850098,3251.050049,3195.566162,1658544
6/15/2023,3245.300049,3247.449951,3210,3216.300049,3184.920898,2273810
6/16/2023,3197,3199.399902,3156,3174.899902,3143.924805,4156189
6/19/2023,3190,3214.899902,3175,3210.399902,3179.078613,1468186
6/20/2023,3214,3232.5,3201.050049,3227.699951,3196.209717,1528452
6/21/2023,3250,3261.399902,3223.949951,3258.199951,3226.412109,1645987
6/22/2023,3260,3267.649902,3230.100098,3238.5,3206.904297,1529603
6/23/2023,3237.300049,3249.399902,3209.149902,3216.350098,3184.970459,1119505
6/26/2023,3205,3213.899902,3173,3189.649902,3158.531006,1978803
6/27/2023,3202,3209.649902,3182.300049,3197.350098,3166.156006,863542
6/28/2023,3208,3230.949951,3193.399902,3215.449951,3184.079102,1575872
6/30/2023,3220,3310,3214.100098,3302.25,3270.032471,2672406
7/3/2023,3314.300049,3318.800049,3268.75,3272.300049,3240.374512,1687264
7/4/2023,3290,3315,3277.300049,3308.850098,3276.568115,1656681
7/5/2023,3320,3329,3305,3319.949951,3287.55957,1453008
7/6/2023,3306.550049,3328.449951,3302,3322.899902,3290.480713,1848238
7/7/2023,3302,3356.899902,3302,3329.25,3296.769287,1789326
7/10/2023,3324.75,3324.75,3265.199951,3271.949951,3240.028076,1407431
7/11/2023,3295,3295,3260.800049,3272.399902,3240.473633,1110172
7/12/2023,3280.949951,3289.149902,3250.100098,3259.899902,3228.095459,1515240
7/13/2023,3284,3367.449951,3272.75,3340.550049,3307.95874,4585146
7/14/2023,3365,3524.850098,3352,3514.649902,3480.360107,6306101
7/17/2023,3510,3549.899902,3477.050049,3491.699951,3457.634033,2743228
7/18/2023,3476,3524,3465,3496.850098,3462.733887,2600090
7/19/2023,3500,3516.850098,3445.649902,3470.050049,3436.195557,2405370
7/20/2023,3453.100098,3478.899902,3436.050049,3463.300049,3438.429199,1715404
7/21/2023,3404.050049,3434.899902,3359.050049,3368.300049,3344.111572,3770223
7/24/2023,3381,3413.449951,3372.100098,3394.75,3370.371338,1680132
7/25/2023,3397.5,3406.800049,3380.199951,3399.149902,3374.739746,1272980
7/26/2023,3400.350098,3420.850098,3385,3388.300049,3363.967773,1066803
7/27/2023,3394.949951,3411.649902,3385.050049,3396.899902,3372.505859,1701769
7/28/2023,3385,3393.699951,3331,3355.399902,3331.303955,2599831
7/31/2023,3364.399902,3426.649902,3360.899902,3421.449951,3396.879883,2743678
8/1/2023,3415,3460,3415,3452.050049,3427.260254,1956167
8/2/2023,3434.949951,3446.399902,3413.600098,3440.649902,3415.94165,1914899
8/3/2023,3420,3433.25,3368,3399.949951,3375.53418,2026351
8/4/2023,3401.25,3471,3401.25,3443.550049,3418.821045,2248493
8/7/2023,3453.949951,3488,3441.25,3484.050049,3459.030273,1853889
8/8/2023,3484.050049,3489.949951,3456.600098,3470.600098,3445.676758,1634225
8/9/2023,3464.899902,3467,3425.050049,3462.5,3437.63501,1794589
8/10/2023,3450,3464.899902,3430.050049,3442.100098,3417.381592,1096701
8/11/2023,3438.100098,3466.649902,3414,3448.800049,3424.033447,1679974
8/14/2023,3440.699951,3455,3411,3449.850098,3425.075928,1190425
8/16/2023,3450,3466,3435.199951,3458.399902,3433.564453,1328445
8/17/2023,3455,3460.800049,3413.199951,3435.75,3411.077148,1843241
8/18/2023,3410,3410,3356.5,3367.100098,3342.919922,2526749
8/21/2023,3375,3409.75,3372,3401.649902,3377.221924,1375579
8/22/2023,3400,3411,3365.050049,3382.149902,3357.861816,1222012
8/23/2023,3388,3402,3376,3398.25,3373.846436,1330046
8/24/2023,3408,3413.050049,3378.100098,3387.75,3363.421631,1152881
8/25/2023,3375,3385.800049,3350.25,3381.300049,3357.018066,1158046
8/28/2023,3394,3394,3360.100098,3375.550049,3351.309326,1037485
8/29/2023,3381.050049,3389.550049,3365,3376.149902,3351.904785,944517
8/30/2023,3398,3408.100098,3383.050049,3390.949951,3366.598633,1188200
8/31/2023,3401,3417.399902,3343.649902,3356.800049,3332.694092,3417652
9/1/2023,3366,3389,3356.800049,3379.199951,3354.933105,1277950
9/4/2023,3378,3432.850098,3370.050049,3418.5,3393.950928,1828332
9/5/2023,3420,3447,3405.149902,3429.350098,3404.7229,1501842
9/6/2023,3434,3443.899902,3398.100098,3429.899902,3405.269043,1314818
9/7/2023,3430.800049,3460,3422.300049,3455.25,3430.437012,1885092
9/8/2023,3455.25,3465,3435.050049,3441.899902,3417.182617,1518917
9/11/2023,3462,3485.699951,3445,3480.649902,3455.654541,1783604
9/12/2023,3492,3589.899902,3483,3580.800049,3555.085449,4476016
9/13/2023,3571.100098,3588.850098,3545,3567.850098,3542.228516,1754929
9/14/2023,3570.050049,3597.699951,3545.600098,3560.050049,3534.484375,2604721
9/15/2023,3567.850098,3607.350098,3562.449951,3598.300049,3572.459961,2952897
9/18/2023,3580.050049,3619.300049,3575.25,3606.149902,3580.253174,1395753
9/20/2023,3580,3625,3580,3606.050049,3580.154053,1649396
9/21/2023,3588.550049,3605,3528,3585.300049,3559.552979,2004073
9/22/2023,3584,3633.75,3565.050049,3603.649902,3577.77124,1989083
9/25/2023,3602.5,3620,3558.649902,3577.149902,3551.461426,1238778
9/26/2023,3567.600098,3594.949951,3536,3585.699951,3559.950195,1726062
9/27/2023,3590,3614,3555.699951,3589.300049,3563.524414,1541134
9/28/2023,3600,3602.800049,3527.350098,3536.75,3511.351563,1755753
9/29/2023,3537.199951,3568.449951,3505.550049,3528.600098,3503.260254,2243791
10/3/2023,3534.199951,3534.199951,3480.100098,3513.850098,3488.616211,1948148
10/4/2023,3486.300049,3548,3477.300049,3537.75,3512.344727,1788138
10/5/2023,3554,3624,3551.199951,3589.350098,3563.574219,2990768
10/6/2023,3591,3634.949951,3575.050049,3621.399902,3595.393799,2075691
10/9/2023,3645.050049,3679,3631,3638.350098,3612.222168,4233074
10/10/2023,3640.050049,3648,3601.350098,3628.899902,3602.839844,1848148
10/11/2023,3650,3650,3605,3609.899902,3583.976318,2426417
10/12/2023,3575,3588.649902,3538.100098,3542.550049,3517.110107,4241281
10/13/2023,3530,3577,3525,3570.850098,3545.206787,2890357
10/16/2023,3566,3574.649902,3519.100098,3524.050049,3498.74292,1671104
10/17/2023,3530,3534.149902,3503.350098,3507.050049,3481.86499,1672065
10/18/2023,3511,3522.699951,3484,3487.25,3462.207275,1408245
10/19/2023,3469.5,3476.850098,3451.899902,3455.649902,3439.711426,1514545
10/20/2023,3450.399902,3499.5,3444.050049,3494.550049,3478.432129,1481211
10/23/2023,3473,3478.949951,3401.300049,3410.149902,3394.421143,1106272
10/25/2023,3390.5,3425,3377.199951,3390.100098,3374.463867,1518537
10/26/2023,3368.050049,3373.699951,3330,3336.75,3321.359863,1984471
10/27/2023,3350,3362,3337,3350.949951,3335.494385,1108851
10/30/2023,3350,3382.850098,3333.75,3378.550049,3362.967041,910972
10/31/2023,3399,3399,3350.050049,3368.75,3353.212158,999811
11/1/2023,3355,3371.600098,3311,3330.649902,3315.287842,1563475
11/2/2023,3343.199951,3375.949951,3343.199951,3360.100098,3344.602295,1245384
11/3/2023,3382,3387.899902,3344.300049,3350.899902,3335.444336,1402598
11/6/2023,3375,3392.300049,3359,3380.25,3364.65918,1099852
11/7/2023,3378,3404.149902,3366,3370.449951,3354.904297,1191144
11/8/2023,3371.449951,3401.949951,3369.550049,3381.550049,3365.953125,992899
11/9/2023,3390.100098,3391.5,3342.050049,3347.449951,3332.010498,2112352
11/10/2023,3338,3347.449951,3322.350098,3333.449951,3318.074951,1338557
11/13/2023,3356,3356,3327,3331.550049,3316.183838,1030990
11/15/2023,3383.100098,3413,3356.050049,3404.300049,3388.598389,2059802
11/16/2023,3430.050049,3529.350098,3414.199951,3497.850098,3481.716797,3951984
11/17/2023,3497.850098,3524.5,3492.550049,3502.449951,3486.29541,2021292
11/20/2023,3491.25,3533.899902,3491.25,3519.600098,3503.366455,1475621
11/21/2023,3519.600098,3539.050049,3501,3510.199951,3494.009766,1807236
11/22/2023,3500,3532.649902,3481.100098,3530.149902,3513.867676,1798051
11/23/2023,3530,3544,3500,3508.25,3492.068848,2729804
11/24/2023,3494.25,3504.550049,3453,3457.100098,3441.154785,1989733
11/28/2023,3457.100098,3481.25,3433,3470.149902,3454.144531,1689195
11/29/2023,3481,3518,3475.800049,3513.75,3497.543457,1441634
11/30/2023,3499.449951,3516.649902,3481,3487.600098,3471.51416,3266235
12/1/2023,3500,3516.949951,3490.050049,3511.649902,3495.453125,1172141
12/4/2023,3544.649902,3547.800049,3498,3512.449951,3496.249268,1625213
12/5/2023,3538,3538,3502.800049,3531.600098,3515.311279,1377656
12/6/2023,3532.600098,3612.850098,3525.149902,3604.100098,3587.476807,1896572
12/7/2023,3605,3630.550049,3591.699951,3614.899902,3598.226807,1967653
12/8/2023,3633,3645,3602.050049,3626.699951,3609.972412,1641155
12/11/2023,3622.899902,3653,3615,3642.899902,3626.097656,1102503
12/12/2023,3638.949951,3698.399902,3631,3672.100098,3655.163086,2236866
12/13/2023,3643.550049,3650,3563,3593.550049,3576.975342,3850968
12/14/2023,3630,3678,3627.600098,3667.25,3650.335449,3290396
12/15/2023,3666.699951,3895.949951,3666.699951,3861,3843.191895,8531230
12/18/2023,3858.100098,3929,3830.149902,3859.199951,3841.400146,2521612
12/19/2023,3845,3855.100098,3790,3816.199951,3798.598389,2004435
12/20/2023,3827.25,3898.800049,3766.550049,3780.050049,3762.615234,2586083
12/21/2023,3756.25,3806.699951,3743.350098,3787.5,3770.030762,1517562
12/22/2023,3800,3845.949951,3762,3824,3806.362549,2413058
12/26/2023,3819.850098,3834,3790.149902,3795.550049,3778.043701,1285231
12/27/2023,3799,3818.199951,3768,3811.199951,3793.621338,1293976
12/28/2023,3824,3838,3792.100098,3799.899902,3782.373535,1682889
12/29/2023,3792,3822.600098,3765.399902,3793.399902,3775.903564,1574996
1/1/2024,3790,3832,3773,3811.100098,3793.521973,825907
1/2/2024,3811.100098,3811.100098,3767.25,3783.199951,3765.750488,1344068
1/3/2024,3767,3771.850098,3687.050049,3691.75,3674.722412,1803075
1/4/2024,3701.75,3719,3651,3666.800049,3649.887451,3598144
1/5/2024,3675,3747.75,3674.850098,3737.899902,3720.659424,1963127
1/8/2024,3737.899902,3739.75,3672.399902,3678.300049,3661.334473,1067805
1/9/2024,3709.949951,3752.350098,3682.75,3689.899902,3672.880859,1370944
1/10/2024,3690,3729.25,3688,3713.050049,3695.924316,1292227
1/11/2024,3724,3773,3707,3735.550049,3718.320557,1777909
1/12/2024,3848,3905.25,3821.600098,3882.800049,3864.891357,6813450
1/15/2024,3960,3965,3885,3903.800049,3885.794434,2801505
1/16/2024,3899,3899,3855.550049,3861.300049,3843.490479,1432672
1/17/2024,3819,3909.949951,3812.550049,3884.600098,3866.683105,3458696
1/18/2024,3898,3908.800049,3862,3902.600098,3884.600098,2239110
1/19/2024,3945,3963.550049,3915.050049,3943.050049,3943.050049,2941975
1/23/2024,3900,3933.899902,3842.75,3858.25,3858.25,2618854
1/24/2024,3880,3883.649902,3805.600098,3841.800049,3841.800049,2657709
1/25/2024,3839.899902,3861,3778.699951,3810.300049,3810.300049,2205154
1/29/2024,3800.800049,3820,3780.850098,3801,3801,1646747
1/30/2024,3807.449951,3847.800049,3787,3800.550049,3800.550049,1411621
1/31/2024,3811.199951,3834,3796.449951,3815.949951,3815.949951,2459358
2/1/2024,3820,3904.899902,3805.050049,3854.149902,3854.149902,2363107
2/2/2024,3875.050049,3984.399902,3872,3966.300049,3966.300049,2826510
2/5/2024,3983,4022,3962.100098,3973.300049,3973.300049,1691523
2/6/2024,3997,4149.899902,3990,4136,4136,4474396
2/7/2024,4153,4155,4073.949951,4083.399902,4083.399902,2124267
2/8/2024,4090,4158,4086.050049,4134.100098,4134.100098,2345173
2/9/2024,4136.549805,4184.75,4100,4133.700195,4133.700195,2100596
2/12/2024,4130,4159.600098,4105.549805,4120.700195,4120.700195,1013716
2/13/2024,4125.450195,4170,4081.5,4149.5,4149.5,1257415
2/14/2024,4107,4114.899902,4049.5,4100.100098,4100.100098,1391283
2/15/2024,4128,4146.299805,4083,4103.200195,4103.200195,1091582
2/16/2024,4113.25,4147.950195,4100.100098,4128.299805,4128.299805,1307556
2/19/2024,4123.049805,4128.299805,4055,4103.799805,4103.799805,772291
2/20/2024,4082.100098,4098,4010,4030.649902,4030.649902,1193648
2/21/2024,4013,4063.350098,3980.600098,3991.5,3991.5,1885939
2/22/2024,3971,4094.949951,3971,4087.100098,4087.100098,2982052
2/23/2024,4130,4130,4046.399902,4052.100098,4052.100098,2538072
2/26/2024,4036,4050,3982.75,4001.050049,4001.050049,1379284
2/27/2024,3999,4124,3999,4104.399902,4104.399902,2960475
2/28/2024,4095.600098,4154.899902,4089,4118.950195,4118.950195,1939225
2/29/2024,4099,4138.100098,4064.550049,4095.100098,4095.100098,3772719
3/1/2024,4107.200195,4140,4086.800049,4094.350098,4094.350098,2043265
